EEXOOXEEE,-0.786867
OOXXEOEEX,-0.185379
OXXOEXOEE,1
EXEEOEXOE,0.388887
XOXOEOOXX,-1
XEXOOXXOO,-1
OXOXOEEXE,0.305978
OXOEEEXOX,0.64
OEXEEEOEX,-1
EEEOEOXEX,-0.1216
XOEXEEEOE,-0.96
OEXEEEEEE,0.165073
OXEOEOEXX,-1
OXEOEXEEE,0.3191
XEEXOXEOO,0.06272
OXXEOEOEX,-0.672
OOXOEXXEE,-1
OOXOXEEEX,-1
XOEEEEXEO,-0.640051
XEOOOXEEX,0.716744
XOOXEXEOE,-1
XEOOXEXEO,0.716545
EOXEEEEEE,0.129594
OXXEXOOEE,-1
OEEOOXXEX,-0.96
OXXEOOXOX,0.8
EEXOEEEEE,0.113625
XOOOEXXEE,0.116476
EEOEEEEEX,0.252484
XOEEEOXOX,-1
OXEEEEXOE,0.503737
OEOXEOEXX,-0.6976
EEEEOXEXO,0.62909
EOXXOOOXX,0.8
EOOOXXXEE,0.479198
EEXEEEEOE,0.112578
EEXOXEEOE,-0.88192
OOXXEEEEE,0.0623378
OXXXOEOEE,0.752096
OOEOXEEXX,-0.352
OEEXOXXOE,0.799318
EEXEOEEEE,0.607089
XXEEEOOEE,-0.526695
EXOOXEOEX,-1
XOXEEEXOO,-1
XOEEOXXOE,1
EEOEXOXOX,-1
XOEXOXOEE,0.799762
XEEEEOXEO,-1
OXOXEEEXO,-1
OOXXEEOEX,-1
OEEEOEXEX,0.0934087
EEXEEEOEE,-0.0613611
OEXXOXXOO,1
OOEXXOEXE,0.729698
EEXEEEEEO,0.120098
EEOEEEXEE,0.0830529
XOXOXEEOE,-1
OEXXEOEOX,0.64
EEXEEOEEE,0.0698342
EOXEXXOOE,-1
OXOXEEEOX,0.35194
OXEEEOXEE,-0.320416
OOXXXOEXO,-1
OOXOXXOXE,1
OXXOEEEEE,0.600324
OXOXOEEEX,0.472251
OEXOEEEXE,0.200535
OOEXEEXOX,0.504938
XEEOEEOEX,-0.688779
OEEOEEXXE,-0.708348
OXXEOEEEE,0.791766
OXEXXOEOE,0.638895
OXXEEOEEE,0.519251
OXXEEEOEE,0.46561
OEXEEEEOX,-0.712019
XXEOOEOEX,-0.64
EXXEEOOEE,-0.591946
XOEOXXEEO,0.637875
EEOOEXXOX,0.639667
XEEOOEEXE,0.754783
OXXEEEEOE,0.443333
EOEEOXXOX,1
XEXOOEEOX,-1
EEXEOEEOX,-0.64
OXXOOXEXO,1
XOOXOXOXE,1
EOOEXEEXE,0.714968
OXEOOXEXE,0.8
OXXEEEOOX,-0.64
OEEOXXEXO,-0.126482
OXXOXXEOO,-1
OXXEEEEEO,-0.323689
OXOEOXEXE,0.799978
OXEEEEOEX,0.214041
OOXEEXEXO,0.243389
OOXXXOOXE,0.8
XXOOEOEEX,-1
OXOOEEXXE,-1
OXXOOEEEX,-1
EOEXXOXOE,-1
OOXEEEXOX,-1
EEEOEOXXE,-0.471534
OXXOEOEEX,0.5952
EOXOEEEXE,0.0784797
OXEOEEXEE,0.04302
EOXOEEXXO,-0.672
EOOXEXXOE,-1
OEXEEXEOE,-1
OXXOEEOEX,1
XOXOEEOEX,-1
OEEEEXOEX,-0.19328
OXOEOXOXX,1
XEOOXEXOE,-1
OXOOOXXEX,-1
XOEOOXXOX,1
XOOEEEXOX,-0.64
XXOEEOEEE,0.527919
EEXEOXEEO,0.785766
EXEOOXXEO,0.724152
OXEOOEXEX,-0.96
XXOOEXEOE,0.61963
EXEOEXOXO,-0.557517
EEXEEOXEO,-0.262185
OXXOEEEOX,-0.478464
OEXEEOOXX,0.725084
EXXOEEOEE,-1
XEOEEEEXO,0.397167
EXXEOEOEE,-0.409119
EOXEEXOEE,-1
XOXEOXEOE,1
EXXEEEOOE,-0.482302
OOXEXEOEX,-1
EEOOXEXEE,-0.211823
OOOXEXXOX,1
EEOOEXEXE,0.435981
XEOEOOXEX,-1
EXOXOOOXX,1
OEOXXOXEE,0.770682
XEOXEEOXO,0.674057
EXXEEEOEO,-0.352
OXXEEOOEX,0.72927
XOXEXOOXO,0.8
EOEXEOXEE,-0.928
XEOOOXXXO,0.8
XOOEEXEXO,0.156845
XEEXOOOEX,0.772213
EOEOEXXEE,0.0574136
XXEEEOOOX,-1
XEXOOXEOE,-1
EXEEEEOEE,0.254467
EXEXEOXOO,-0.608
EEEEEOXEE,0.175268
EOEXXEXOO,-1
OOXEEEEEX,-0.96
XEEXOXOEO,0.798717
XXEEEOEOE,-1
XXEXOOOXO,-1
XEOEEEXOE,-1
EEXOOXXEO,0.636688
EEEXEEXOO,-1
OXXOXOEOX,-1
OEXOEEEEX,-0.352
OEXXOOOXX,0.8
EXOOXXEEO,-0.672
OXEEEEXEO,0.297423
OOOEXEXXE,1
EEXXEOOEE,0.516952
OEXEOEEEX,-0.96
EOEOXXXOE,-0.928
XOOEOXEEX,0.715298
OOXXEEXOE,-1
XEOEEOOXX,-1
OEXEEOEEX,0.193889
EXEEOEOEX,0.208502
OOXXOEEEX,-0.96
OEXXEEEEO,0.0408457
EOOXXEOXE,-0.608
EOEXEEOXE,0.211972
XEXEEOEEO,-1
OEEOXEEEX,0.201101
OOXXEEEOX,-0.96
OEOEXEXEE,0.661339
XOOEEXXEO,-0.672
XEEEOOXOX,-1
OOXXOOEXX,-1
OEOXEEEXE,0.699029
EXOEOOXEX,-0.706048
OEOXOEEXX,-0.352
EXOOOXXOX,0.8
XOEOXEEXO,0.34332
XOOEOEXXE,-1
EEEEEEXEO,0.181493
XXOXXOOOE,-1
EEEEXXEOO,-0.64
XOOEOXEXE,0.301953
XOOOXEEXE,-1
EEXEOEXOE,0.779012
OOXXOEOXX,-1
OEEEEEXEE,0.360364
EOXEEEEOX,-1
XEEOXEEOE,-0.398727
EOEEEEXEE,0.120877
EEEOEEXEE,0.172453
EEEEOEXEE,0.610522
OXOOEXXOX,0.8
EEEEEEXOE,-0.0136958
OEOEEEXXE,-0.297779
XOXOXOEXO,-1
OEXXEOEEE,0.0897123
OXOEEEXEE,0.067317
EXEOEEEEE,0.330885
XOEOXXOEE,-1
EOOEEXEXE,0.403742
EEXEEOXOE,-0.402653
OEXOXEEEE,-1
OXEEOEXEE,0.630476
EXEEXOEOE,0.29303
EEOEEXEEE,0.567559
XOXXEEEOO,-0.1216
OXOEOEXXE,-0.10112
OOOXEXEXE,1
OXOEEOXXE,-1
OXOEXOXOX,0.8
EEOXEXEOE,0.0147406
XOXEEXEOO,0.636117
OEXXXOOEE,0.626902
EEEEOEEEX,0.610057
OXOEEEXXO,-1
XXEOEOEEE,-0.350003
OXXXEOOXO,-1
OEXOXOEEX,-0.352
XEOOXXEOE,-1
XOOXOEEXE,-1
EOEEXOEXE,-0.198417
OOEEXXXEO,-0.608
XXEEOOEEE,-1
OEOOXXEXE,-1
OXXEOEXEO,1
XXEEOEXOO,-1
XXEEEOEEO,0.133394
OEEEXEOEX,0.782933
XOEXOEOXE,0.771637
XXOXOOEEE,-1
XXOXEOOEE,0.698158
XXOOOEXXO,0.8
XEEEXOEOE,-0.815565
EEEOEXOEX,-0.64
OEXXXOEEO,-1
XXOXEOEOE,-0.64
OXEEOXEOX,0.102605
XOEEOXXEO,-0.64
XXOOXXOEO,-1
XXOXEOEEO,1
XEEEEOEEE,0.230127
XOEEEXXOO,-0.672
XOXEEOEOX,-0.64
OOEXEEEXE,0.741346
XEEOOXOEX,-1
OEEEXEEEE,0.107074
OXEEEXOOX,-1
OEXEEEEXO,0.357738
XEEEXOEEO,0.49784
XOOOEXEEX,-1
EOEEXEEEE,0.167373
OXOXOEOXX,1
XOXEOOEXE,0.704881
EEEOXXXOO,-1
XEEEXEOEO,0.770939
XXOOOEEXE,0.8
EEOEXEEEE,0.136273
EOXXXEOOE,-1
EEEOXEEEE,0.148774
OXXEEXEOO,0.799794
EEEEXOEEE,0.141347
EEEEXEOEE,0.568457
OEXOXXOXO,1
XXEOXEOEO,-1
EXEOEOXEE,0.0249492
EXOEEOEEX,0.0537318
EOEEEOEXX,-0.716475
EEEEXEEOE,0.0577706
EXEXEOOOX,0.16067
EXEEOEEOX,0.356996
XOOEXXOEE,-1
XEXOEEOXO,-0.672
OEXEXOEEE,-0.189377
EEEEXEEEO,-0.147678
OOEEXEXEE,-1
EEOEOXEXE,0.749169
OEEXEEXEO,0.410612
XOXOXOEEE,-1
OXXEOXOEE,-1
EOEXEOXXO,-0.96
OEEOXEXEE,-0.383707
EEOXEOXXO,1
EEEEOOXXE,-0.64
OXXEEXOEO,0.8
XOOOXEXXO,0.8
OEEEXOXEE,-1
EOXXOXOXO,0.8
EEEXEEOOX,-0.128036
OEOXXEEOX,-0.19968
OEEOXOXXE,-1
OEEEXEXOE,-0.852429
OEEEOXEXE,0.354755
OEEEXEXEO,-1
OOOEXEXEX,1
OXOEEXOXE,-1
OOEOXEXEX,-1
XOOXEXOXO,-1
XEEEOOXEE,-1
EOEEXOXOX,-1
XEXEOEOOX,-1
EEOEOEXEX,-0.632597
OOEXEEXEE,0.472251
OOEEXOXEX,-1
OEOOXXXOX,0.8
OOEEXEXOX,-1
XOOEEEXEE,-1
EOEEXXOOX,-1
EXOEEXEOE,0.483668
EOEXEOEEX,-0.365973
XOXEEEEOE,0.262627
EXEEOEOXE,0.660918
EOOXEEXEE,-0.64
XOEOEEXEE,-0.0745647
EOOXXEEXO,0.06272
XOEEXOXOE,-1
XEXOEOEOX,-0.64
OXEXXEOEO,-1
OXEEXEEEO,-0.845056
EOEXEXEEO,-0.372707
XOEEOEXEE,-0.3264
OEOEXEXOX,0.782494
XOEEEOXEE,-0.96
OOOXEEXXE,1
EEOEXXEEO,-0.659048
EXEEEOOXE,-0.684654
XOEEEEXOE,-1
EEOEXOEEX,-0.96
EXEOEEXOE,-0.0893079
XOEOEXEEE,0.145007
XEOEOOEXX,-1
OXEXEOEOX,0.64
XOOEOXXEE,-0.672
XOOEEXXOE,-1
XEOEEEXEO,-1
OXOEXEXOE,0.425007
OEEEEEEEX,0.243052
EOEEXEXOE,-0.85632
EOOXXOOXX,-1
OOXXEXEEO,-1
XOEXEEOEE,-0.0934388
EEXEXOOEE,-0.232989
XOOOOXXEX,-1
EXOXOXXOO,-1
XXOOEXXOO,0.8
EOXXOXXOO,1
OEXOXEOEX,1
OOXEXEEXO,-0.96
XOOOEXXOX,-1
OXOEEEEEX,0.366561
OOOEXXEXE,1
EOXOEEEEX,-0.63262
EXOEEEOXE,-0.312319
EOOEEEEXX,-1
EOXOEEOXX,-1
EOXEOEEEX,-0.352
EOXEEOEEX,-0.150653
EEXOXEOEE,0.381483
EEXEEEOXO,-0.122246
XXEOXXOOO,1
EOXEEEEXO,0.548513
EOXEEEOEX,-1
XOXOOEEEX,-1
OEOXOXEEX,0.798515
EEXXEEOEO,0.773701
OXEXXEEOO,-1
XXOOXOXOE,-1
XOXOEOEEX,-1
XEOEXXEOO,-0.4096
XOXXOXOOE,1
XOEEEOEXE,-0.00994006
OOXXEOXXO,-1
XOXOEEEOX,-1
XOXOOOXEX,1
OXEEEOEEX,0.117122
XXOEEXEOO,0.543788
XEEXOEOEE,0.719064
EEXOEEEXO,0.0172388
XOXOOEXOX,1
EEEEEEEXO,0.285435
EXOOEEXOX,0.63913
XXOOEOOXX,-1
EXXXOOEOE,0.180534
OEEXEEEEE,0.40977
XOEOEXXEO,0.455659
OEEXXEEEO,-0.666628
OXXOEXEOE,-0.478464
OOOXXOXXE,1
OXXEXEOOE,0.779519
XEXEXOOOE,-1
OXXOXOOEX,1
XEOXOXOXO,1
EOEEEOXEX,-0.675054
EOEXEEEEE,0.358599
XEEEXXOOO,1
EEOXEEEEE,0.199461
OXEXEXOOE,-0.327039
XXEOXOEEO,-1
EEEXOEEEE,0.216103
XXOEOXEEO,0.780648
EEEEOXEEE,0.341295
EXOOEXEOX,0.639883
EXXOEEXOO,-1
EEXOXEOOX,-1
EEEXEOEEE,0.408604
EEEXEEOEE,0.549058
OEOXXOEXE,0.328141
EEXEEXOEO,0.789846
EOXEXOOXE,0.454716
EEEXEEEOE,0.335711
OEEXEEOEX,0.413749
OXEOEXOXE,1
EEEXEEEEO,0.431219
EOXEEOOXX,0.52203
XEXXEEOOO,1
OEOXEEXEE,0.624689
OEXEXEEOE,-0.353296
OOXXOXOXE,-1
OEEXOEXEE,0.77212
XEEOOEXEE,0.733989
EEOXOEOXX,1
EEEOXEEOX,-1
OEEXEOXEE,0.47158
XOEOEEEEX,-0.807518
OEEXEEXOE,0.383738
EOEXEXOEE,-0.547412
OXXOXXOEO,1
OEOEOXXEX,0.171469
XEEEOEEEE,0.606655
EEXEOXOEE,-0.501886
EXOXEOOXE,-0.1216
EEOEEXEXO,0.249129
EOEOEXXOX,-0.9024
OOEXOEXXE,-0.64
OOEXEOXXE,-0.96
XXOOOXOXE,1
EOEEOXEXE,0.375249
EEOOEXEEX,0.570359
OOEXEEXXO,0.799947
OOXEEEEXE,0.0277577
OEXXOXEOE,-1
OXXEEOXEO,-0.352
EXEEEXEOO,0.328865
EOXEOEEXE,-0.0107186
EOXEEOEXE,0.1054
XXOEOEEXO,0.8
EEOOXXXOE,0.639365
EXEEXXOOO,1
EEOEXXOEE,-0.725885
EOXEEXEOE,-0.471972
EOXEEEOXE,0.18056
OOXXOEEXE,-0.00912951
OOXXEOEXE,-0.16558
OXEOOXXEE,-0.054189
EXOOXXOEE,-1
OOXXEEOXE,-0.114306
EXEXOOOXE,0.735605
OOXXEEEXO,0.390702
OOXEXEOXE,0.725573
XEEOOEXXO,0.713547
OOXXOXEXO,1
XEOEXEOXO,-1
EXEOXEXOO,-1
OXOXXEOEE,-0.96
EOOEEEXXE,-0.16768
XOEEEXOOX,-1
EEEEEEEOX,0.121411
EEOXOEXOX,-0.672
EXOOEEXEE,-0.283746
OEXXOEEEE,0.52179
OEOEXEEXE,0.00537604
EXEOOEXEE,0.0695121
EXEOEEXEO,0.174049
OOEEXEEEX,0.321428
EXEOEEOXE,-0.64
EOEOXXEEE,0.0259644
OXOOEXXEE,0.201544
EEXOEOOXX,0.644017
OXEOEXXOE,0.199605
OXEOEXXEO,-0.03968
OOEEXEEXE,0.685845
EEEXOEEOX,0.792894
OXOOOXXXE,-1
OEEEOXXXO,1
EEEOXEXOE,-1
XOEEEXEEO,0.0483841
OXOOEXXXO,-1
OEXXEXOOE,-1
XEOXEXEOO,-1
EEEXXOEOE,-0.20068
OOXEXEEEE,-0.341533
EXOXEOXOE,0.139469
OOEEXEXXO,-0.64
OEXEXEOEE,0.46667
XOEEXOEXO,0.648102
EEEEXOEOX,-0.318655
OEXEXEEEO,-1
EEEOEXEEE,0.241147
XOOEOXXXO,-1
XEXOEEXOO,-1
OOXEXOEEX,-0.4096
OXXOXEEEO,-1
OOXEEOXXE,-0.96
XEOXOXEOE,-1
OOXEXEEOX,-1
EEXOOEEXE,0.428134
EXOOEOEXX,-1
EEOEOXEEX,0.737175
EEXOEOEXE,0.267713
XXOOOEOXX,1
EOOEXOXXE,-0.64
EEXEXOEOE,-0.502663
EEXOEEOXE,0.404566
OEXOEEXEE,-0.865536
XOEXOOEXE,-1
OOXOEEEXX,-1
OEXOOEEXX,-1
EXOEXEOOX,-1
EXOOXOEEX,-1
OEXEOXXOE,-0.64
XEOXOXEEO,-0.352
XOEXEOEXO,-1
EEOOXXEEE,0.581198
XEOEOEXEE,-0.494874
XEOOEXEOX,-1
XOEXOXOXO,0.8
OEXOEOEXX,-0.352
OOXXOOXEX,-1
EOOEXEEEX,-0.352
EOOEEXEEX,0.501281
OXOOXEXEE,-0.0317439
XEOEOEXXO,-0.64
OEXOEEOXX,1
OEEOXEEXE,0.184077
OEEEEXEEE,0.263413
EEEEOEEXE,0.590578
XOXXEEOOE,0.504337
XOEEEEEXO,0.194604
XXEEEEOOE,-1
EOEEEXEEE,0.233477
EEEEEXOEE,0.333572
XEEOEOXEE,0.178614
EEXEOOEEX,0.750936
EXEEEEOOX,-0.315583
XEXEEOOXO,-1
EEEEEXEOE,0.272406
EOOEXEOXX,-1
OOEXXOXEE,-1
XOOXXEOEE,-1
EOEXXOOEX,-1
EXXEXEOOO,1
EEEEEXEEO,0.240108
EXXOOXEEO,-1
XEEEOEXOE,-1
EEXEEOOXE,0.378999
EOOEXXOXE,-0.608
XEEOEOEEX,-0.6464
EEOOEEXXE,-0.684125
XEEEOEXEO,-0.216225
XXOOXXEOO,0.8
XOEOOXXEE,0.480096
OOXEEEOXX,-1
OOEOXXEEX,-0.64
OEEXEOXXO,0.79333
EOEEEEEEX,0.078058
XOEOOXOXX,-1
XXOXOOOXE,1
EEEOXOEXE,-0.681184
EEEOEEEEX,-0.095257
EEEEEOEEX,0.105869
OXOEXXOOX,-1
EEEEEEOEX,0.174606
OEEXXEOXO,-1
OXXEOXEOE,-1
EXEOEXEEO,0.229134
OEXOXEEOX,-1
XXOOXEEOE,-1
OOEXOXXEE,0.8
XOOXEOEXE,-1
XOEEEEEEE,0.114764
XOEOEEEXE,0.212634
XEOEEEEEE,0.157524
XEEOEEEEE,0.238987
OEXOXEOXE,1
OOOEXXEEX,1
XEEEEEOEE,0.201869
EOEEOXXEE,0.259538
OEEXOXEEE,0.491087
XEEEEEEOE,0.0608406
OOEXXOOXX,0.8
EOEXEEOEX,0.146627
OEEEXEEOX,0.208032
XEEEEEEEO,0.214943
XOOEEEEXE,-0.300149
OEXXEEOEE,0.0299162
EXOEXOXEO,1
XOEEOEEXE,0.306105
XOXOOEOXX,-1
EXEXEEEOO,0.208079
EXXOOOXEE,1
XOEEEEOXE,0.514976
OXXOOXXEO,1
EOEXOOEXX,-0.0317439
OOXXXEEEO,-1
OOOXXOEXX,1
XOOEXOEXE,-1
OEOOXXOXX,1
XOOEXEOXE,-0.928
XOOEXEEXO,0.755618
OEEEXOXXO,-1
XOOXXOOXE,-1
XOOOXXOXE,-1
EEEEEOEXE,0.324264
XOXOXEOEE,-1
XEOEXOEEE,-0.64
XOOOXXEXO,0.8
EEOEOEXXE,-0.520461
XEXEXEOOO,1
EEOEEOXXE,-1
XXOOOEXEE,0.749652
XEEOEOXXO,0.605739
OEOEXXEEE,0.169159
OXEXOXEEO,1
EOOEXXEEE,-1
EEXOXEEEO,-0.530229
EXEOXEEEO,-0.314936
EEOEEEXXO,0.716581
EOXOEEXEE,-0.515609
XOEOOEXEX,-1
EOXEEXEEO,0.4356
EEXOOEXEE,0.560495
EEXOEOXEE,-0.352
XEXOXOOEE,-1
EEXOEEOEX,-1
EOEEOEXEX,0.28809
XOXEOOOXX,0.8
EOEEXXEEO,-1
EEXOEEXOE,-1
EEXOEEXEO,-0.172817
OXXOEOXEE,-0.352
XEXEOOEEE,-0.64
OXXOOEXEE,0.782399
EXXOXOEEO,-1
OXXOEEXOE,-1
XEEOXXEOO,0.635592
OXXOEEXEO,-1
EEXOEOEEX,0.618444
OXEEOEXXO,1
OXXOOOXEX,1
OXXOOEXOX,-1
EXEXOOEXO,0.777693
OEEEEEEXE,-0.0632316
OXOEXOEEX,-1
OEXEXXEOO,-1
EEEXEXOEO,-0.352
XEEEEXEOO,0.0783628
EOEEEEEXE,0.350778
EXXEOEEOE,-0.860416
EXEOOEEXE,0.771446
XXOOEXEEO,0.639854
OOEXXEEOX,-0.96
XOEOOXEEX,-1
EEEXEOOXE,0.481723
OEXXXOOXO,-1
EOEOEEXEX,-0.783212
EOXOXXOXO,0.8
EEXOOXOXE,-0.64
OEOOEXEXX,-0.64
EOEOXXOXE,0.747936
EOEEOXEEX,-1
OXXXOXOEO,1
EEOEEEEXE,0.286001
OEEOEXEEX,-1
EEEOEEEXE,0.254119
XXOOOXEOX,0.8
EEXOEEEOX,-0.466429
OXXEXOOOX,0.8
OOEOEXEXX,-0.64
EOEEXEXEO,-0.822733
OOXXXOEOX,-1
EEEEEEOXE,0.25589
OXXOEOOXX,1
XEXEEOOEE,-0.805079
OEEEXOEXE,-0.186624
XXEEOEEOE,0.395947
XOXOXOOXE,-1
OEEEXEOXE,-1
OOXOEEXEX,-1
OOOOXXXEX,1
OEEEXEEXO,-1
OOXOXEEXE,-1
OOEXEXEEE,-1
OOXEXOEXE,-0.672
EOEXEOXOX,-1
OXOEXEEEE,-0.363342
OEOEXOXEX,-1
OXEOXEEEE,-0.374743
OEXOXEEXO,-1
OOEEEEXXE,-0.1216
EEEXEOXOE,-0.425067
OOEEEXEEX,-1
OXEEXOEEE,-0.485273
OOOEEXXXE,1
OXEEXEOEE,-0.1216
OEEOOXXXE,-0.64
EEOXXEEOE,-0.692648
EEEEXXOEO,-0.3776
OXEEXEEOE,0.133628
EXEOEXEOE,0.30014
OXOOXEEEX,-1
EEXOOOXXE,1
XEXOOEOEX,-1
OXEOXOXEE,-1
EOEOOXXXE,0.201695
OXOEXEOEX,-1
EOOOEXEXX,-0.88192
EXEEEEOXO,-0.724015
OXOEXEEOX,0.64
EXEEEEEOE,0.275353
EEEEOOEXX,-0.159861
OXOOXOXEX,-1
EEEOXEXEO,-0.541983
OEXOXXOEE,1
OXOOXEXOX,0.8
EOEEEXEXO,0.521176
EOEEOEEXX,-0.68916
EOXOOEEXX,-1
OXOXOXXEO,1
EEEOOXEEX,-0.682251
EOOXXEXOE,-0.352
EOXOEOEXX,-0.96
XOXOOOEXX,1
OXOXXOXEO,1
XOOOXXXEO,0.8
XXOOEOXEE,0.326935
OXEXOEEXO,1
OEOEXXEOX,0.0258561
EOEOXEXEE,-0.459904
XEXEEOEOE,-1
EEEOXOXEE,-0.723742
EXOEXEXOO,0.563152
OXEOXEXOE,-1
OXEOXEXEO,-1
OXOOXXXOE,0.8
XOOEEXEEE,-0.0462169
OEEEXXOEE,-0.1216
OEXXOOEXE,0.730846
XEEOXEOEE,-0.479807
OOXXEXXOO,-1
OXEEEEEEE,0.300766
EXOOXOXOX,-1
EXOEEEEEE,0.537862
EXEEEOXOE,0.0900615
EXEEOEEEE,0.275237
XOXXEOOEE,0.639643
XOEEOXOEX,-0.352
EEXOOEEEX,-1
EXEEEOEEE,0.287376
XOEEOEEEX,0.787102
EXOEOOEXX,-0.352
OXOXOXXOE,0.8
EEOEEXOXE,0.374435
EOXEOEOXX,-1
EXEEEEEEO,0.27452
OXEEEEOXE,-0.352
OXOXXEEOE,-0.672
XOXEXOEOE,-1
OEEOEXXEE,-0.0773839
OEOXOXXOX,0.8
OXEEOXOXE,0.8
OXEEEXOXO,-0.352
EOOXEXEEE,-1
OEEEOEEXX,-0.409433
OXEEOXXOE,0.735564
EOEXOXEEE,0.68972
EXEXEOEEO,0.692218
EOEXEXEOE,-0.64
XOXEOXEEO,0.735608
OEEOEEXEX,-1
XOXXEOEOE,-0.608
OOOXOXEXX,1
XEOEEOXXO,1
OOEXOXOXX,-1
OXXOXEOOX,1
OOXEEXEEE,-0.754852
XXOXEEEOO,-0.352
EEXXXOOEO,0.659131
EXXEOOXOE,0.173312
XEOOEEXXO,0.758276
OOEXOXEEX,-0.1216
EXEEEOXEO,0.229314
EXOEXOEEE,-0.577536
EOEXXEEOE,-0.9024
EOEEXOXXO,-0.4416
OEOEXEEEX,0.687985
OEEEXOEEX,0.243911
XEXEOEOEE,-0.96
OOXXOXEEE,-0.352
OXOEXXOEE,-1
XEXOOEXEO,-1
EOEOXEEEX,-1
XOXXOEOOX,1
XEEEOEOXE,0.613204
OOXXEXOEE,-1
XXOEOOEEX,0.706086
OOXXEXEOE,-0.64
EOOXEXOEX,-1
EOEOEXEEX,-0.944384
OEXOXXEOE,-1
OXOEOXXXO,1
EOEEEXOEX,-0.319026
XEOXXOOXO,1
OOEEXXXOE,-1
XXOEEOEXO,1
OOXOXXEEE,-0.672
OXEOEEEEX,0.138258
EOEEXXOEE,-1
OEEXOEEXE,0.569689
EOEEEXEOX,-1
OEXXEOXEO,0.422513
OXXOOOEXX,1
OOEEXXOEX,-1
XXOOOXXOE,0.8
OOEEXXEOX,-1
OOEEEXOXX,-1
EEXEOEOEX,-0.695017
OXOXEXOEE,-0.96
OEEXEOEXE,0.42268
EOEEXEOXE,0.580854
OEEXEEOXE,0.48923
EXOXXOEEO,1
XEOEEOXOX,-1
OXOXEEOXE,0.328141
OEEXEEEXO,0.349891
OOEXXOXXO,-1
OEXXXEOEO,-1
OOEEEEEXX,-0.64
EOXEOXOXE,-1
EEXEEEXOO,-1
EOEOEEEXX,-0.370666
OXEXEEOXO,-0.96
EOXEEEXEO,-0.249826
OXOOXXOEX,1
OXEOEOXEX,-0.352
EOEEEEOXX,0.587562
OEEXOEOXX,0.553676
EEEEXOEXO,-0.672
EEOOEXOXX,0.789099
OOOXEEEXX,1
EOOXEEXOX,-0.608
OEEXOXXEO,1
OOOXEXXEE,1
EOXEXEOOX,-1
OEOOXXEEX,0.8
OOEXOEEXX,-0.96
OEOXOEXEX,-1
XEOEOEOXX,1
XXEEEXOOO,1
OOEXEOEXX,-0.352
OOEXEEOXX,0.395051
XOOXEEOEX,-1
XOOXOXOEX,1
OXOEEXEEE,-0.0558817
EXEOEEEOX,0.0686633
XOOXEOOXX,-1
EOXOXEEEE,-0.710845
OXEEOXEEE,0.643517
OXOEEXEXO,-0.1216
OEOEXXOEX,-0.64
OXEEEXOEE,0.401744
EEOEEOXEX,-0.746496
EEOOEEXEX,-0.430716
OOEEXOEXX,-0.64
XEEEEXOEO,0.29166
XEOOXOXEE,-1
OEXOEXEEE,-0.352
OXEEEXEOE,0.363917
OXEEEXEEO,0.492331
EXEOOOXXE,1
EEEOOEXEX,-0.16801
XEOOEEOXX,-0.352
OXOOXXEEE,-0.4096
XOEOXOXEE,-1
EEXXEEEOO,0.309464
EEOXOXEEE,0.723742
OXOEXXEOE,-1
XXEOEXOOE,-0.96
EXXOOXOEE,-1
OXOEXXEEO,-1
OXOOXXEOX,0.8
OXEXOEXOE,0.702916
OOXEOEEXX,-1
OXEOEEXOX,-0.111548
XEXOOOXOX,1
OOXEEOEXX,-0.0317439
EEEOOEXXE,-0.163227
EOOEOXXEX,-0.352
EEOXXEOOX,-1
OXOOEXEXE,-0.10112
EEXEOOXXO,0.635906
EOOEEXOXX,0.799154
EOXEXOEEE,-0.448606
XEEXOOEEE,-0.811213
XOXOXEEEO,-1
XOXXXOEOO,-1
EEXOXOEEE,-1
EXOEXEEEO,-0.0847359
EEXEXOEEO,-0.576482
XOXEEOOXE,0.518993
XOOOOXEXX,-1
XOEEEOEEX,-0.547207
EOXOXEEOX,-1
EEXXOEXOO,-0.64
EEEOEEXOX,0.135525
XEXOEEOEE,-0.541563
OXOOEEXEX,-1
OOOXEXEEX,1
EOOXOXEXE,0.479988
EEEXEXOOE,-0.56832
EOEOXEEXE,-0.244306
OEXOEXXEO,-1
EOEEXEEXO,0.281356
EOOOXXEXE,0.77546
XOXEOEOEX,-1
XXEEOOEXO,-0.1216
EOEEEXXOE,0.109185
OOXEEEXEE,-1
XOEOEOXEX,-1
EXXOOEEXO,-1
OEEXXEEOE,-1
OEOXEXXOE,-1
EOOEXXEXO,-1
OOOEXEEXX,1
OXOXEOXOX,0.8
EEOEXOXEE,0.623601
EOXEOOXEX,-1
OOEXXEEEE,-1
OOEEXEOXX,0.8
XOEOXXOXO,0.8
EOOXEXXEO,-0.96
OEXEEXOEE,-0.64
EOEEEEXOX,-0.0491684
EEXOEXOEE,-1
OXEEXXOOE,-0.64
OOEEXXEXO,-0.608
EXXOEEEOE,-0.688292
EEXEEXOOE,-0.0332575
EEOXXOEEE,0.70174
OOXXXOOEX,0.8
OOXOXXEXO,-1
OXXEEXOOE,0.210176
EXOOXEEEE,-0.326676
EXOEXEOEE,-0.724754
OEEOEEEXX,0.185496
OOOEEXEXX,1
EXOEXEEOE,0.561367
EXOOXEEOX,-1
EEOXEEOXE,0.406559
XEEOXOEXO,-1
EOOEEEXEX,-1
OEXXEEEOE,0.0097716
OOXXEOOXX,0.8
OOEEEXXOX,-0.352
XEXEOXOEO,-0.64
EOXOEXEEE,-0.409602
EEOOEXXEE,0.325748
EOXEEOXEE,-0.869427
OEOXEOXXE,-0.1216
EOXXOOXXO,-1
EEXEEOEOX,0.282861
OXXOOXOXE,1
OOEEOXEXX,-1
EOEXXOEEE,0.10974
OOEEEEXEX,-0.352
XOEXOEEXO,-1
XXOEOEOXE,1
XEEOOEOXX,0.746308
OOXEOEXEX,-1
XOXOEXOEE,-0.672
EOOXXEXEO,-0.64
EEOOEEEXX,-0.372268
EOXEOXXEO,0.799279
EXOEEXOEE,0.352069
XOXEOEEOX,1
OOXEEOXEX,-1
OEEXXOEOX,0.327201
EEOOXXEXO,-1
EEOEXXEOE,-0.833536
OEEXXEOOX,-0.672
XXOEXOOEE,-1
OXXOEOXOX,-1
XOEEEEOEX,-0.527876
EXEXEOEOE,0.396418
OXXXXEOOO,1
XOEXOOEEX,-1
OOXXXEOOX,-1
EEXEEOEXO,0.174596
EOXXXOOEE,0.374579
EEXXXOOOE,0.778093
OXEOEXOEX,1
OEXXXOOOX,0.8
XEEXOEEEO,0.276829
EEEEEXXOO,-0.0788876
XOXEEOEEE,-0.206528
EOOEOXEXX,-1
XEXOEOEEE,-0.96
EXXEXOEOO,-0.352
EOEXOEOXX,0.750299
XOXOEOEXE,0.0641283
XEXOOOEXE,1
EXOOEXOEX,0.593666
EXXOEEEEO,-0.365686
OOEEEXEXE,0.378429
XOXEEOEXO,0.110808
XXOEOEXOE,0.102605
XEOOEEEEX,-0.241287
OOEXEXXEO,-0.352
OXEXEEXOO,-0.00259602
XEEOEXOXO,-0.325504
EOOXEXOXE,-1
XEOEXEOEE,-0.465543
OEXXOEEXO,1
EOOXEXEXO,-1
EOOEXEXOX,-1
OEXOXXEEO,-1
XEXOOOXXO,1
XEOOEEXEE,0.542827
XEOEEOXEE,-0.608
XOXEEOXEO,-1
XXOOOOXXE,1
XOXOXXOEO,0.8
XOOEEOXEX,-1
XXOOEEXOE,0.600865
EOEXEOEXE,0.215626
OEXOEOXEX,-1
EOOXXEEOX,-1
XXEOEEXOO,-0.19968
XEXEOEEOE,-0.64
XXOOEEXEO,0.748753
EOEEXOXEE,-0.528893
EEXEXEOEO,0.757166
EEEEXOXOE,-0.739448
EEEEXOXEO,-0.352
OXOEXOXEE,-0.1472
XEEOEEEOX,-0.769683
OEXEEEXOE,-0.688391
OOXXOXXEO,1
OXEEXOXOE,-1
OXXEEOEOX,0.64
OEEXXEOEE,-0.819456
OXEEXOXEO,-1
OOEEXOXXE,-1
OEOEXOXXE,-1
EEXXOEEOE,0.618472
EEXEXEOOE,0.0729901
XXOOEXOXO,-1
EXXOOXOXO,-1
XOEXOXOOX,1
OXOXOXEXO,1
EOEOEEXXE,-0.21473
EEEOEEXXO,0.54164
XXEEOXOOE,-1
EEOEXOEXE,-0.64
EEEEXOOXE,-1
OEEEOEXXE,-0.819456
EOXXOXEEO,0.793169
EOOEEXXOX,0.695118
OXEXOXOOX,-1
XEXOOXOXO,-1
XXOXOOEXO,1
OOEXOXXOX,1
XOXOEOXEE,-1
EXOOEEXXO,-1
XEEEEOXOE,-0.9024
EOXEEEXOE,-1
OXOXEEOEX,0.354016
OEXEEXXOO,-1
XEOEOXEXO,0.504382
EXXOEOXEO,-1
OOEEEXXEE,0.741647
EOOEEXXEE,0.0926545
OEOXEXXEO,0.328141
EXXOXOOEE,-1
OEXXOOXXO,1
EOEEEXXEO,0.232716
EEEEEOXOX,0.20207
XEOEOEEEX,0.593703
OOEXEXXOE,-1
XXOOXEXOO,0.8
XEXOXEOOE,-1
OXXXEEOOE,0.500091
OEXEEOEXE,0.298809
XXEXEOOOE,-1
XEOOEEEXE,0.247397
XOEEXXOOE,-0.64
XOEEXXEOO,-0.64
XEOEOEEXE,0.564259
XEOEEOEXE,0.0692944
XEOEEEOXE,0.386867
XEEXXOOEO,0.8
EEEOEXXEO,0.081067
XOOOEEEXX,-1
OEXEOOXXE,-1
XEOOOEEXX,-1
EEXOXEOXO,-0.64
XEEOEXEOE,-0.247488
XEOOEOEXX,-1
EXEEOXEOE,0.362691
OEOEEXXXO,0.634073
OEEEXXEOE,-0.355373
EOEEXXEOE,-1
EEEOXXEOE,0.143942
EEOEEXXEO,0.314195
EEEEXXOOE,-0.608
OEXEXEOXO,0.258673
OEOEXXXOE,-1
XXOOXEOEE,-1
XEEOOEEEX,0.539407
OEEOXXXOE,-1
OXXXOEEEO,1
OEEEXXXOO,-1
XXOEOEEEE,0.748232
OOOEXXXOX,1
EOXXEOXOE,-1
OOEOXXXOX,-1
EOEXOEXEE,-0.613845
OXXOEXOXO,1
EOXXOOXEE,-0.440011
EOEXEEXOE,-0.1216
EXOOEOXEX,-0.672
EOEXEEXEO,-0.651428
XEXEEOXOO,-1
XEOOXEEXO,-0.672
XEEOXEOXO,-1
OEOEXEXXO,-1
XOEOXOXXO,-1
OEXXEEOOX,-0.672
XEEOXEEEO,0.0933156
EXEEXOEEO,0.0817254
XEEOEOEXE,-0.025919
EOXEOEXXO,0.730868
XEEOXXOEO,0.783283
EEOOXEXOX,-1
EOXOOEXXE,-1
XEEOEEOXE,-0.139745
XEEOEEEXO,0.292604
XEEXEEEOO,-0.1216
OOEOXXOXX,1
EEXOXOOEX,-1
EXXEEOEOE,-0.718081
OXEXOEXEO,1
EOOEEXXXO,0.524304
XEEOEEXOE,-0.128358
XOEOOEEXX,-0.64
XOEOEOEXX,-1
XOEOEEOXX,-0.928
OOEXXEXEO,-1
EXOOXXEOE,0.64
EOOEXEXEE,0.726815
EOOOXEXXE,-0.17408
XEEEOOOXX,0.760913
EXEEOOXXO,0.8
XXOEEXOEO,0.641421
EOOEXEXXO,0.794569
OOEEXXEEE,-1
XEEOEEXEO,-0.0853536
EXOEXOXOE,0.749782
OXEEXOOEX,-0.4096
XOOEOEEXX,0.210176
OXOXXOEEE,-0.3776
XOOOXEXEE,-1
XOOOXOXXE,-1
XOEOEXOXE,-0.233359
XEXOEOOEX,-1
OEOEXXOXE,-1
XEEXOEOXO,0.430297
OXEEEEEXO,-0.64
XEXOEEOOX,-1
OXOEEXXOE,0.579456
XOEXOEEEE,-1
EOXEOXEEE,-1
EEEOXXOEE,0.748506
OEOXOXXXO,1
EOEOXOXEX,-1
OEEOXXOEX,1
OXOXEOEXE,-0.64
OXEXOOXXO,1
OEEEXXOOX,-0.64
XEOXOEEEE,-1
EEOEEXEOX,0.344624
EXEXOOEEE,0.0847806
XEEXOEEOE,-0.64
XOEEEXOEE,-0.100178
XOOXOEEEX,-1
XXEEXOOEO,-0.64
XOXXOOOEX,0.8
XOEXOEOEX,0.779492
EXXEEOEEO,-1
EOOOXXXOX,-1
OEEXOXOEX,-0.64
XOEXOEEOX,1
OXXOEOXXO,-1
XEEOEXOEE,0.0580373
EEOXEOEEX,0.319794
XOOEEXOXE,-0.185125
EEEOEXEOX,-1
OXXEOOXXO,1
OXOOEXEEX,0.77309
XOEEEOXXO,-1
OXEOOXEEX,-0.96
OXEOEXEOX,-1
OXOOOXEXX,-1
OXOOEXOXX,1
XOEEXEOEE,-1
XEEEXOOEE,-1
XXEOEEEEO,-1
XEEEXEOOE,-1
EOEEXEEOX,-0.89728
EEOEEXOEX,0.626616
EEOEXEEOX,-0.378087
OXOEOXXEE,0.748601
EEEEXEOOX,-0.8704
XOOEOXOXX,1
XOEEOEXXO,-1
XOOOXXEEE,0.210084
OXOXXOEOX,0.8
EXEEEOEOX,0.226327
XOXOXEOXO,0.8
XXOEOEEOX,0.731885
OXOXXEOOX,-1
XOXEEEOEE,-0.0391649
XEEEXEEOO,0.128118
XEXEEEOOE,-0.3264
EXOXEOEXO,1
EXOEOEXEE,0.277081
XEXEEEOEO,-1
EOXEXOOEX,-1
EXEXOEEOE,0.45051
XOXXOEOEE,0.744002
XOXXEEOEO,0.75092
EXOXEOXEO,1
OEXXXEOOE,-1
XOOEXEEEE,-1
XEXOEEEOE,-0.675021
OEOXEXEOX,-0.3776
XEXEEEEOO,-0.928
XXOEEOXOE,-1
EEEEEXOOX,-0.639175
XOXEXEOOE,-1
OOXEXOOXX,0.8
OXEOEEOXX,1
XOXEXEEOO,-0.1216
OOOEXXOXX,1
EEOXXOXEO,1
OXEXEOEEE,0.304218
EXOXEOEEE,0.514007
EXEXEOOEE,0.299776
XXOEEOEOX,-1
OXEXOOEXE,0.569611
OEXEEOXEE,-0.551952
OXEXEOXOE,0.479876
OXEXEOOXE,-0.19968
XOOOOXXXE,-1
OXEXEOEXO,-1
OXEEXXOEO,-1
OXEEXEXOO,-1
EOEOEXEXE,0.0465543
XXOEEXOOE,0.534383
EOEEOEXXE,-1
EOEEEXOXE,0.339483
EOXEEOXOX,-0.1216
XOEEXEEEO,0.0116109
OXEEEXXOO,0.322664
EOXEXEEOE,-1
EOXOXOOXX,-1
XOOOEXEXE,-0.232328
XEEXXOEOO,-0.64
XOOOEXXXO,0.8
OOOXXOXEX,1
OEEXEXOOX,-1
EEOOXXXEO,0.637159
EEEXXEOOE,-0.96
XEOEXEEEO,0.427265
EEEXXEEOO,-0.372132
EXOOXEXEO,-1
OOXXXEEOE,-1
EXXXOEOOE,-0.4416
EOXXXOEOE,-1
XEXOEOXOE,-1
EOXXXEEOO,-1
EOOEXOXEX,-1
EOOOXXOXX,-1
EEOOXOXEX,-1
EOEXEEEXO,0.443621
OEOXXOXOX,0.8
XOXOEOXXO,-1
EEOXEEXOE,-1
EEEXOEXOE,-0.33792
EXXOEOOEX,-0.64
XOEOXEXEO,-1
XXEOOOEEX,1
OXOXEEXOE,0.351964
EEXEEOOEX,0.05574
EEXEEEOOX,-0.886016
OOXOEXEXE,-1
OXXEOOOXX,0.8
XEXXOEOOE,0.06272
XEEEEEXOO,-1
XOXOEEXEO,-0.672
OEEOXEXXO,-1
XOXEOEXEO,-0.64
XOXOOEXXO,0.8
XOEEXOEEE,-0.664304
OXXXEOOEE,0.614904
EEEOXOXXO,-1
EEXOXXOEO,0.799787
EEEEEXOXO,0.344217
EXXEXOOEO,-1
OXXXEEOEO,0.771698
XEEEXOOXO,-0.64
OEXEOEXOX,-1
EEEOOEEXX,-0.1216
OXXXOXOOE,-1
OXXOOOXXE,1
EXOEXXOOE,-0.64
EXEEEXOOE,0.399928
XXOXOOEOX,-1
OXOEXXXOO,-1
EEEXEXEOO,-0.247972
OEEEOXOXX,-1
EXEOXOXEO,-1
OEOXXEEXO,-1
EOXXOXEOE,1
EEEEOEXXO,0.775465
OXEEOOXXE,-0.64
XEXOXEOEO,-1
OOXXXOEEE,-0.4096
EXOEOOXXE,-0.1216
OXOXOOXXE,-1
EXEEOOEXE,0.648116
XOEEOXEOX,1
OEEXEXOEE,-1
XOEEXEOXO,0.64
EXEOXOEEE,-1
OXXXOOOXE,0.8
XXEOOXEOE,-0.0317439
EOEXEXOXO,-1
EXEEXOOEE,-1
EEOXEEEXO,0.619506
OXEXXOOEE,-1
EEXOOEXXO,0.799567
OXEXXOEEO,-0.928
OXOXXOXOE,0.8
XOEOEXEOX,-1
EEOXEOOXX,-0.0984065
XEEOOXEOX,-0.352
EEXXOOXOE,-1
XEEOEXOOX,-1
EXXEOEEEO,-1
OEEXEXEOE,-0.661496
EEEXOXEOE,0.683318
EXOOEXEEE,0.482295
EXOEOXEEE,0.750946
EXOEEXEEO,0.360258
XXOOOXEEE,0.754295
OOEXEOXEX,-0.608
EOOXEOXEX,-1
XXOOOXOEX,1
OEEXOXEOX,-0.352
XOXXOOOXE,0.8
XXOOEXOEE,0.542979
OEOEEEXEX,-1
EEOEEEXOX,0.55806
EOEEEOXXE,-0.627884
OEXOEEXOX,-1
EOEEEEXXO,0.38945
XEOXXEOEO,0.210176
OEOXEXEEE,0.544099
OOEOXEXXE,-1
XEEOXOXEO,-1
OXXOXOEEE,-0.96
XEEOXEXOO,-0.672
OXEEEOEXE,-0.676096
EXOXOEOXE,1
XOXOEOXOX,-1
EXOEEOEXE,0.163133
EXEOEOEXE,0.234286
EXXEOOEOX,-0.3776
EXEEEOEXO,0.321799
OXOXEEEEE,0.302846
XXOEXOEEO,1
EXEOOXEOX,0.22057
OXEXOEEEE,0.77114
EXOXOOXEE,-0.414464
OXEXEEOEE,0.453782
OXEXEEEOE,0.549428
OXEXEEEEO,0.396396
OXOXEOEEX,0.218063
EOXXOXOEE,-0.64
XXOEXOXOO,1
XOXEOEOXE,0.624449
OXOXOOXEX,-1
OEEXXOOXE,-0.4096
OOOXXEXXO,1
EOXEXEEEO,-0.545878
EEXEXEEOO,-1
EOXXOOEXE,0.12785
OOXEXXOXO,-1
OXEXXEOOE,-1
OEXEXOEXO,-0.96
OOXXXEOXO,-1
EOXEXOEOX,-1
XEXOOXEEO,-0.0779161
OXEOEOXXE,-1
OXEEEOXXO,-0.64
EXXEEEEOO,-0.64
EXOXOOXOX,-1
OXXOXXOOE,1
EXXEEXOOO,1
XOXOEEOXE,-0.208588
OOXOOXXXE,-1
XOXEEEOXO,0.64
OOXOXOEXX,-1
OXEOXOXOX,-1
XOXEXOOEE,-1
XOXEXEOEO,0.756983
XEXXOOEEO,-1
EXOXEEEOE,0.388467
OEEEEXOXE,0.390462
EOXOXXOEE,-1
OEXXOOXOX,0.8
EXEXEEOOE,0.260977
OXOXOEXOX,0.8
OXOXXEEEO,-1
OXEEEEEOX,0.0248322
OOEXEEEEX,0.218586
EXOEEEEOX,0.45987
OXEEOEXOX,0.64
OXEEEOXOX,0.575446
OXOEOXXOX,0.8
OEOEEXEXE,0.376356
OEEXEXEEO,-1
XXOXOEOOX,1
OOEXOXEXE,0.738151
EOXOXEEXO,-0.672
XOOXOXEXO,-1
OOEXEXOXE,-1
OOEXEXEXO,-1
OXOXOXOEX,1
XXOEEEOXO,-1
OEEEEOEXX,-1
OEEEOXEEX,-0.422495
EEEEOXOEX,-0.352
OXXEEOOXE,-0.672
XOEXEXOEO,-0.672
EEEEOXEOX,-0.100001
XXOXEOOXO,1
EXEEOOEEX,0.576678
EOOXEEEXE,0.523539
EOEXOEEXE,0.211271
XXOXOEEOE,-0.352
EXEOXEEOE,0.319222
OXXXOEEOE,0.722379
OOOXXEEXE,1
OOEXXEOXE,-0.352
XEEOOXEEE,0.181988
OOEXOEXEX,-1
XOEXXOOXO,0.8
EOXXEXOOE,-1
XXEOOOEXE,1
EEXEXOOOX,-1
OOEXXEEXO,-0.928
OEXXEOOXE,0.370717
OXXXEOEOE,0.64
OXEEOEEXE,0.694578
EXOXOEEEE,0.787778
EXEXXOEOO,0.593177
OOXEEXOXE,-1
OXXXEEEOO,0.692061
OXXXOOXOE,0.8
OOXEOXEXE,-1
EXEXXOOOE,0.790391
OXXXOEXOO,1
OXXEXEOEO,-1
XXOOXEEEO,-0.672
XXEOXEEOO,-1
EEXXXEOOO,1
EXXEOOEEE,-1
OOXEXXOEE,-1
OEXEXXOOE,-1
OEXEXXOEO,-1
EEEOXEEXO,-0.497223
OXXXOEOOX,-1
EEOXOEEEX,0.245833
EXEOEOEEX,0.287865
OEXEOEXEE,-0.0157686
XEEEOOXXO,-0.64
EEXEXOOXO,-1
OXOOXXXEO,-1
XXOXXEOOO,1
EEOOXXOXE,-0.64
OEOXXEEEE,-0.64
XOXEOEEEE,0.744676
OEEXXOEEE,0.104187
XEOOEOXEX,-1
EOEXXEOEE,-0.599818
OOOXXEXEE,1
XEEEOXEOE,0.295075
XEXOOOOXX,1
OOEXXEXOE,-1
OEOEEXEEX,0.713959
XXOOEOEXE,-0.352
XOOXEEEXO,-0.672
XEOEOXEEE,0.774369
XXOOEEOXE,0.210176
XXOEEOOXE,-0.64
OEEEEXXEO,0.339606
EEEEOXXEO,0.215487
XXOEOOEXE,0.8
XEEEOXOEE,0.29906
EEXXOXOEO,0.8
EEEXEOEOX,-0.0686124
OEEXEXXOO,-1
EXXEEOOXO,-1
OOOXEXXXO,1
EXXXEOOOE,-0.672
OXXEOOXEE,0.79765
OOEXOXXXO,1
OEXXEOEXO,-0.114192
EXEEXEOEO,-0.352
EXEEXEEOO,0.725298
OXXEOOEXE,0.783616
XEXEEOOOX,-1
OXOEXEXEO,-0.96
EXEEOOOXX,0.793289
OXOXEEXEO,0.668928
OEEXXOXEO,-1
EEOEXEEXO,-1
XOXOEXOXO,0.8
EEEEXEOXO,-1
OXOXXEXOO,-1
OXXEOEXOE,0.683127
EXOEEEXEO,0.761925
EOXXOEXOE,1
XXOEOOOXX,1
XXEEXOOOE,-1
XOEEOEOXX,0.766473
EXEEOEXEO,0.222964
XOEEXOXEO,-1
EXEEEEXOO,-0.020779
XOXEOOXXO,-1
OXEOXXXOO,-1
XEEEOEEXO,0.407381
XEEOOXXEO,0.500344
XEEEEOEXO,0.595759
EXEOEXOEE,0.229463
XOXXOEOXO,0.8
EXXOXXOOO,1
EEXOXOEXO,-1
EOXEOOEXX,-1
XEEEEEOXO,0.353115
EEEOXEOEX,-0.96
XOEXEEOXO,0.539207
XOOXEXEEO,-1
EOOOXEXEX,-1
XEEEOOEEX,0.419491
XEEEOEOEX,0.28926
XEEEOEEOX,0.496356
EEXXOEOEE,0.378492
XOOEOEXEX,-1
XOEEOOXEX,-1
XOEXOXEOE,1
XOEEOEXOX,1
EOXEOEXEE,0.474685
OOXXOEXOX,1
EOXOXXEOE,-1
XOEOXEEEE,-0.459078
OEOEXOEXX,-1
XEOOXEEEE,-0.473567
EOXOXOEXE,-1
XEEOXOEEE,-0.774963
OXXXOXEOO,1
XEOOXXEEO,0.64
EXOEOEEEX,0.79654
XOEEXEXOO,-1
XOEOXXXOO,-1
OOOEEXXEX,1
EEOXEXOEE,0.158581
OEEXOEXOX,0.71436
EOOEXXXEO,-0.384
OEOOEXXEX,-1
OEXXEOOEX,0.64
OEOEEXXOX,0.708809
OOEEOXXEX,-1
XXEOOOXXO,1
OXOEOXEEX,0.681738
EEXOEOXOX,0.210176
OXOEEXOEX,0.485052
OXXEEEXOO,-0.1216
OXOEEXEOX,0.212613
XOEEOXEEE,0.568681
XOEEEXEOE,0.036323
OEOEOXXXE,-1
XOOEEEEEX,-0.581872
EXXOOEEOX,-1
XOEEEEEOX,-1
XOEXEOOEX,-1
XOEEOXEXO,0.64
EXOXEEXOO,-1
OXXXOOEOX,0.8
OOEXEXOEX,-1
XEOXOEEXO,0.06272
OOEXEXEOX,-1
OOXEEXXEO,-0.1216
XOEOEOXXE,-0.608
EXOOOXEEX,0.681312
EOXXEEOXO,0.432951
EOXXXEOEO,-1
OEXEOXXEO,1
EXOXEEOXO,0.06272
OEOEXXXEO,-1
OEEEEXXOE,0.0508079
XXEEXOEOO,0.606726
XEOXEXOEO,-0.64
EXOEOXOXE,1
XEEXEXOOO,1
EXXEOEOOX,-1
EEOXOEEXE,0.569543
XEOXOOEEX,-0.352
EXXOEEOOX,-1
EEOXEOEXE,0.495058
OEOXXEOXE,-1
EXOEOXEXO,0.799861
OEEOXXEEE,0.744689
EEEOXXEEO,0.1744
OEEOXXEOX,0.24105
OEXXEXOEO,-1
XEXEOEXOO,-1
OEOXOXEXE,0.8
XEOEEXEOE,-0.0306187
OOOOXXEXX,1
XOXEXXOOO,1
XEXEOOEXO,-0.46208
OEOXEXOXE,-0.608
OEOXEXEXO,-0.64
EXOOOXEXE,0.745199
OEXOOEXEX,-1
OXXEOXOXO,1
XEOXOEOXE,1
EXOOEXOXE,-0.352
EXOOEXEXO,-0.672
EOOEXOEXX,-1
EXOOOXOXX,1
XEOXOEOEX,1
XOOEXXEOE,-1
XOOEXXEEO,-1
XOOOEXOXX,-1
EEEXEOXEO,-0.64
EEOOXEEXE,-1
XOOXEOEEX,-1
XOOEEEXXO,-1
XOEXEOEOX,-1
OXOXOOEXX,-1
XXOOOOEXX,1
OEEEXOXOX,-0.4096
EEOEXXOOX,-1
OOEOXXXEE,-0.352
OEOOXXXEE,0.74802
OOXXEEXEO,0.328141
OEEOXXXEO,-1
XXEXEOEOO,-1
EXOXOEXOE,-0.672
OEEEEEXOX,0.251828
XXEXOOOOX,-1
EEEEOEXOX,0.742326
XOEOEEXOX,-0.64
OEEOXOXEX,-0.96
EOOXXOEXE,0.595066
EOXXEEEOE,0.282792
EEXXEOEOE,-0.253768
EEXXEEOOE,0.367418
OEXXXOEOE,-1
OEXXXEEOO,-1
OXXXXOOOE,0.8
OEXEOOEXX,0.267684
OXEOXEEOX,0.423026
OXXXXOEOO,-1
XEOEEXOEE,0.168126
XEEEEXOOE,0.00246733
EXXXEOEOO,-1
EXOEEXOXO,-0.1216
XEOXEEEEO,0.0293435
OXXXEOOOX,0.8
XOXOEEEEE,0.0953377
EOEEXXOXO,-1
OEXXOEXOE,0.799938
OEXXEOXOE,-1
EOXXEXEOO,-0.64
OEXXOOEEX,0.389715
OEXXEEXOO,-1
OOXXOXXOE,1
XXOEXEOOE,-1
EEEOOXXEE,0.288417
OEXXEXEOO,-0.64
XOXXOEEEO,-0.384
XXOEXEOEO,-1
XXOOEEEEE,0.153396
EOEOXEXOX,-0.96
XOXXEOOOX,-1
XXEOOEEEE,-1
XXEOEEOEE,-1
XOOXEEOXE,0.0700533
XXEOEEEOE,-1
OEEEEOXXE,-0.96
XXOOOEEEX,0.799583
XXOOEEOEX,-1
XOXOEEEXO,0.516871
OEEXEOXOX,0.634812
EEEXOXOOX,-0.1216
XXOOEEEOX,0.268725
XXOOOOXEX,1
EXEOEOXOX,0.0208805
XXOOOEXOX,0.8
OEXXEEOXO,-0.14434
XOOXOXEEE,-0.64
EOXOEOXXE,-1
OEXEEOXOX,-1
XXOOOXXEO,0.8
OOXXEOXOX,-1
EOEOXOEXX,-1
OXEEXOEOX,0.461619
OXEEXEOOX,0.737344
OXEEOEOXX,0.8
OEXXOEEOX,-1
OEEEEXEOX,-0.690238
OXXXEOXOO,-1
XEOOOXOXX,1
OXEXOXEOE,0.703245
OOXEOXXEE,-0.64
EEEOXOOXX,-1
OOXEEXXOE,-1
EXEOOXOEX,-0.64
EXXOEOEOX,-0.928
EXOEEEXOE,0.210226
OOXEEEXXO,-0.64
OXEXXOXOO,-1
XOOEXEXEO,-0.19968
XOOOEEXXE,-0.672
XEOOOEXXE,-0.0497151
OEXEEOXXO,-1
EEXEOOEXE,0.717167
XEOOEOXXE,-1
OXOXEXXOO,-1
EEOXEXEEO,-0.158812
OXOEEEEXE,-1
EXOOEEEXE,-0.896
EXOEOEEXE,0.761805
OEEXOOXEX,-1
XXOEXOEOE,-1
EXOEEEEXO,-0.64
OXEXOEEOX,0.343524
OXEXEEOOX,-0.0971419
OEEXXEXOO,-1
OXOXOXEOX,0.8
OEEXOEEEX,0.300588
OXOXEXOOX,-1
OEXOOEXXE,0.06272
OEEEXXEEO,-0.820237
XXEOEOEXO,-1
OXEOXXEEO,-1
OXEEXXEOO,-0.64
EXEOEEEXO,-1
EXXOOOXOX,1
EOEOEXOXX,-0.660736
OXEEOEEEX,0.0282627
XOXEEOXOE,-1
EEOXXEEEO,-0.85632
XEXEOOXOE,-0.64
OXXOEOEXE,-0.64
OEOXXEXOE,-1
OEOEEEEXX,-0.928
OEOXXEXEO,-1
OOOXOXXXE,1
XOXOOEEXE,0.619799
XEXOOEOXE,0.00814082
EEXXOOOEX,0.633425
XEXOOEEXO,-1
XOXOOOXXE,1
OEXXOEOEX,0.210084
EXEEOEEXO,0.689207
EOEXOEXXO,-1
EXEXOEXOO,-0.64
OXEOEXEXO,-1
EXOXXEOEO,-1
OXEEOXEXO,1
EEXEOEXEO,0.284611
XEXOOEEEE,-1
XEXOEEEEO,-0.346238
XEOOXXOEE,-1
OEEXEOEEX,0.167929
XOOXXEEEO,-1
XOXOOXEEE,-1
XOXOEXEOE,-1
XOXOEXEEO,0.631893
XEOEEOEEX,-0.710582
XOXOOXXOE,1
XOXOOXXEO,0.8
EOXOEXEXO,0.639995
XOOXEXOEE,-1
XXEOOEXEO,-0.64
EEEEOOXEX,-0.64
EEXOEXEOE,-0.706486
EEXEOXEOE,-0.0227455
XXEXXOOOO,1
EEOXEOXEE,-1
XOEOXEOXE,-1
EEXOXOOXE,-1
EEXEEXEOO,0.233594
XOXOOEXEE,0.79824
EOXEXEOEE,-0.103348
EXXOOOEXE,1
OEXEXOOXE,-0.352
EEXOEXEEO,0.453791
OXXEOEOXE,0.799996
EXXEOOOEX,-1
EEEOEXEXO,0.328864
EEXXOXEOO,0.8
EOXOXXEEO,-1
XEEEOXEEO,0.313085
EXEEXEOOE,0.768851
OXXOXEEOE,-0.64
OXXEXOEOE,-0.672
XEEEEOOXE,0.0526881
OXXEXEEOO,-1
EEEXEOEXO,0.303707
OXOEEXXEO,-0.0312464
EEEXOXOEE,0.785009
EEEXOXEEO,0.762708
EXOOOEXEX,-1
OXOXOXEEE,0.757288
EOEXOEXOX,1
XEOEEXXOO,-0.4096
OXEXOXOEE,0.673034
XXOOEOXOX,-1
OEOXEEEEX,0.513722
OEEXEEEOX,0.362532
OOOXEEXEX,1
XOEOOXEXE,-0.324715
XOEOEXEXO,0.64
OXEEOXOEX,-0.64
XXOEEEOEE,0.0495847
XOOXXOEXO,1
XXEEOEOEE,-0.64
XXEEEEOEO,-0.1216
EOXEXOEXO,-1
EXOEOXOEX,1
EOXEOOXXE,-0.570624
EOXOXOEEX,-1
XEOEXOXOE,-1
OXXOEXXOO,-1
XEOOXXXOO,0.8
EXXOEOEXO,-1
EEXEOEEXO,0.345873
OXOXEXEOE,0.102605
EEEXOEOEX,0.327668
EOOOXXEEX,-0.25728
OXEXEXEOO,0.06272
EXEEOXOEE,0.350632
EXEEEXOEO,0.792752
OXXEXXOOO,1
EEEXEEOXO,0.174821
XXOEEEXOO,-0.672
XOOOEEXEX,-1
EOXEOXXOE,1
XEOOOEXEX,-0.3776
XEOOEEXOX,-1
XEEEOOEXE,0.437446
OXOXEOXXO,1
XEOEXEEOE,-0.672059
XOOXXOEEE,-1
XOOXXEEOE,-1
EXXOOEEEE,-0.525056
OXXEEOXOE,-0.672
XEOEOOXXE,-1
XOXEEEEEO,0.468479
OXXEOOEEX,0.773268
EEEXOOEEX,0.297302
XEEOEOOXX,-1
EEEXEOOEX,0.554601
OEOXEOXEX,-0.64
OEXEEEXEO,-0.4672
EOEOXEOXX,-0.64
OEXOOXXEE,-0.352
XEOXEOEXO,1
OEXOEXXOE,-1
OXXOOXXOE,-1
XEEEEOOEX,-0.672875
XEEEEOEOX,-0.783598
XEXOEOXEO,-1
EXXEOOOXE,-1
EOXXOEXEO,-1
XOXOEXXOO,-1
EEXEOOXEE,0.478136
OXXOXEOEE,1
XXOXOEOXO,1
EOOOEXXEX,-1
EEEXOOEXE,0.223965
OEEXXOEXO,-0.39808
EXOEOXEOX,0.732438
XXOOEXOOX,-1
XOXEOEEXO,0.404377
OEEEEOXEX,-0.865536
OEOOXEXEX,-1
OEEOXEXOX,-0.672
OXXOOEEXE,0.8
OXXEOEEXO,1
XXEEOEEEO,-0.186288
OXXOOEXXO,1
OEOXOXXEE,0.8
XEXOEXOOE,-1
XEXOEXEOO,-1
XEOOEXOEX,-0.672
OEEEOXXEE,0.386721
EEOEOXXEE,0.408023
EEEEOXXOE,0.797841
OOXEOXXXO,1
XOEOXEXOE,-1
XEOOEXEEE,0.173599
EEOXOXEOX,0.772792
EOOXXEEEE,-1
EOEXXEEEO,-0.747911
OEEEEEXXO,0.341389
OEEXOOXXE,-1
OOXXOOXXE,-1
OXEOOXOXX,1
EXEOOXOXE,0.694369
EXEEOXOXO,0.633551
EXEOOXEXO,0.509519
OXOEEOXEX,-1
XXOEOXEOE,0.70371
EEEEOXOXE,0.40659
OEXOEOXXE,-1
EEOXXEOXO,-1
XOXEOXOEE,-1
XOXEEXOOE,-1
XOXEEXOEO,0.772255
XOXOEEXOE,-1
XOOXEEEEE,-0.9024
XOEXEOEEE,-1
XOEXEEEEO,-1
XOOXOOEXX,-1
XOOXOEOXX,1
OXXOOEOXX,1
EEOEXXOXO,-1
OEXEOOXEX,-1
EOXXOEEEE,0.751684
EOXXEOEEE,0.116229
EOXXEEOEE,0.2393
EOXXEEEEO,0.0705334
EXOOXOXEE,-0.928
EOEXOEEEX,0.298102
XOEOEXOEX,-1
EOEXEOOXX,0.29876
EOEOOXEXX,-1
XXEOEOOEX,-1
OOXXOEXEE,0.681753
XEOXOOEXE,-0.352
OEXXOOXEE,0.768361
OEXXOEXEO,1
XXEXOEEOO,-1
EOOXEEOXX,0.170177
EOOXEEEEX,0.587616
EOEXEEEOX,0.175948
EOXXEEXOO,-1
XOOEXOXEE,-1
EOEEOXOXX,-1
XEOEXOXEO,1
EEOOOXXXE,-0.4096
XEEOOOXEX,1
EXXOEOEEE,-0.9024
XOXEOOXOX,1
OEOEOXEXX,-0.64
OEEOOXEXX,-1
XEOOEXXEO,0.64
XXEOOEXOE,-0.672
EXOEEEOEX,0.244595
EOEOXEXXO,-1
OEEXEXOXO,-1
EXEOEEOEX,0.154164
EXEEEOOEX,0.0970662
XXEOOXOXO,-1
OXEXOEOEX,0.48819
OXEXEOOEX,0.284351
OEXEXEOOX,-0.1792
OXOXXOOEX,-1
OXXOEEEXO,-0.64
OXEXEXOEO,-0.64
OEXEOXEEE,-0.1216
EXEOEXXOO,-0.216171
EOOXOEXXE,-1
EOEXOOXXE,-1
EXEEXOXOO,-1
XOXEOOEEX,0.794683
OEXEOXOXE,-0.352
EEXEOXOXO,0.624559
EXOXEEOEE,0.373427
OEXXOXOXO,1
EEXEOEOXE,0.405984
XXEOEXOEO,-0.96
XOOXEXOOX,-1
EEXXEOEEO,0.0932417
EEXXOOEEE,0.245844
EXXXOOOEE,-0.672
XEXEOOOEX,-1
EEXOOOXEX,1
EXXXEOOEO,-1
OXXXOOOEX,0.8
XEOEEXEEO,0.179418
EOEOXOXXE,-1
XEOOOXEXE,0.739118
XEOOEXOXE,0.149237
OOOXEXOXX,1
XEOOEXEXO,0.398162
EXOXOXEEO,0.670817
EXEOOEEEX,0.225768
XEOEOXOXE,1
EOXXOEEXO,0.78673
EXEOXEOEE,-0.608
EXOEEOXEE,0.448119
EEXOXXEOO,-1
OXXOEEOXE,1
OXXEEEOXO,-0.64
EEOEOEEXX,-0.64
EEOXEEOEX,0.0694543
OXOXOEXEE,0.729983
EEEEOEOXX,0.742766
XEOEEXOXO,0.236737
OXOEOEEXX,-1
XOOEXXOXO,-1
OXEOOEEXX,-0.352
OXEEOOEXX,0.04224
OOXXOEXXO,1
EEEXOEOXE,0.794453
EEEXOEEXO,0.413837
OOOEXXXXO,1
OEXXOEOXE,0.732289
OEOEXXEXO,-1
EOEOOXXEX,-1
OOOXOXXEX,1
OXXEEOEXO,0.45355
XEEOOOXXE,1
OXXOOXEEE,-1
OXXXXOOEO,-1
EOXOEOXEX,-1
EOOOEXXXE,-1
EEOXXEOEE,-0.635871
EOOEOXXXE,-0.672
OEOEEXXEE,0.733745
EXXOOEXOE,-0.64
XXEOOXEEO,-1
EXXOOEXEO,-1
EEOEEXXOE,0.0851123
EXEOOOEXX,1
EXEOEOOXX,0.17801
EOXOXEOXE,0.460901
EEOEXEXEO,0.745839
EOEEOXXXO,0.709444
EEEEXEXOO,-0.647399
XOOEXOXXO,1
OOEEEXXXO,0.544
OEEOEXXXO,-0.251967
OOXOEXXXO,-1
XEEXOOEOX,-1
OOOXXEEEX,1
OOEXXOEEX,0.583052
OOEXXEOEX,-0.16768
XEOXXEOOE,-1
XXEOXOOEE,-1
EXXOOOOXX,1
XEOEOXOEX,1
EXXEOOXEO,-1
XEEEOXOOX,-1
XXOOOXEXO,0.8
OEEOXXOXE,1
XXOEEOOEX,-1
EXOXXOEOE,0.764576
XXEOXOEOE,-1
XOEXOOOXX,0.8
EOOEXXOEX,-1
EEOOXXOEX,-1
OOEOEXXXE,-1
OOEEOXXXE,-1
EXXXOOXOO,-1
XEXOXEEOO,-1
EEOXOEXEE,-0.340225
EEEOEXOXE,0.342015
XXEOOEOXE,-0.1216
OEOXEEXOX,0.766658
XXEOEOOXE,-1
XXEOEEOXO,-1
EOOXOXXXO,-1
EOEEXOEEX,-0.576207
EOEEXEOEX,-0.208473
OXEXOOXOX,0.8
XEOEEEEOX,-1
XEEEEEOOX,-0.747497
XOOEEXEOX,-0.64
XXOEOOXXO,1
XOEEXEEOE,-1
OOXEXXEOE,-1
XOXOXXEOO,-1
OXEOOXXOX,-1
OEOXEXOEX,-0.96
OEOXOXOXX,1
EOEOXXXEO,-1
EOOOXEEXX,-1
XOOEOXXOX,1
OOXXXEOEE,-1
XEXOOXOEE,-1
EXOOOXXEE,0.35046
EXOOEXXOE,0.64
EXOOEXXEO,0.25666
XXEOXEOOE,-1
XOEOXOEXE,-0.88192
EOOXOXXEE,-1
OEOEEXOXX,0.8
XOXXOOEOX,1
XOOEEXOEX,-1
XEOEEXOOX,-1
XXEEOOXOE,-1
OEOXXOXXO,1
EEEEEOXXO,0.421152
OEXEEEOXE,0.760548
EOOOXXXXO,0.8
OOOEXXXEE,1
EOOXOEXEX,-1
EXOEOXXEO,0.729181
EOEXOOXEX,-0.64
XEOOXOXXO,1
XEEOEXEEO,0.243184
EOXOOEXEX,-1
EXEEOXXOO,-0.0809831
OEXEOEEXE,0.437059
EXOXEEEEO,0.394943
XOEEEXOXO,0.610365
EXOXOOEXE,0.42811
XOOEEEOXX,-0.352
EEOXEEEOX,0.00446348
EXOXOEEXO,0.8
EEEOEOEXX,-1
OXOXOXOXE,1
OXOXEXOXO,-1
EOXXXOOOX,-1
OEEEEEOXX,0.495294
EOXOOXXEE,0.164096
EOXOEXXOE,-1
EOXOEXXEO,-1
EXOOEEEEX,0.367878
EXOEEOXOX,0.148002
XEXEOOOXE,-0.64
XXOEEEEEO,0.403126
XXEEEEEOO,-1
EEOXEEXEO,-1
XXOOEEEXO,-0.672
OXXOEXEEO,0.746811
EXEOOXEEE,0.18614
EOEXEXXOO,-1
EXXOOOEEX,1
XEEXEOEEO,-1
XEEXEEOEO,0.502331
XEEXOOOXE,0.744267
EEOEXEOXE,-1
XXEOXOXOO,-1
EEEOXEOXE,-1
OEOEXEOXX,-1
EXEXXOOEO,-1
OEEOXEOXX,1
OEEEXOOXX,-1
OOOXXEOXX,1
XOEOXXEOE,-0.88192
EOOEXXXOE,-0.9024
EOXOXEOEX,-1
EOOXXOEEX,-0.64
OOXOEEXXE,-0.96
XXOEEEEOE,0.597171
EXXOEOOXE,-1
EEXEXXOOO,1
OEOXXOEEX,0.741306
OEOXXEOEX,-1
XEOXEOOXE,0.588652
OEXEEXEEO,-0.20622
OEEEEXEXO,0.402828
OEEEXXOXO,-1
XEOXEOEEE,-1
EEOXXOEOX,-1
XEOXEEOEE,0.549242
XEOXEEEOE,-0.676424
XXOXOEOEE,1
EXXOXOEOE,-1
XXOXOEEEO,-1
EXEXOXOEO,0.8
EXEXOXEOO,0.555135
EXEXOEEEO,0.461024
OOEOXXEXE,0.799911
XXOOXOEEE,-0.64
XEOXEOOEX,-0.352
OOXXEOXEE,-0.96
OXEOXOEEX,-0.64
OXEOXEOEX,1
XOEOEXXOE,0.109266
OXEXOEOXE,0.8
OEOXEEOXX,0.414435
EXOEOEOXX,1
EXEOOEOXX,0.8
OXEXOOOXX,0.8
OEOXOEXXE,0.210176
EOXXEXOEO,0.00512004
OEOXEEXXO,0.8
EOEOXXEXO,0.58528
OOOOXXXXE,1
EEOOXEEEX,-0.594441
OOEOXXXXO,-1
EXOXOOXXO,1
EXOEOEXOX,0.64
OXOXEXEEO,0.353608
EXOXEXOEO,-0.352
EXOXEXEOO,-1
XEOXOEEOX,-0.64
EEOEEEOXX,0.682803
EEEOEEOXX,0.43295
EEEOOXXOX,-1
EEEEEOOXX,-0.322785
XXEOOOXEE,1
EEOOXXEOX,-1
EOEXEXOOX,-1
EEXXOEEEO,0.277912
EEEXXOOOX,-0.4096
XEOEEEOEX,-0.110336
EXOOOEXXE,-1
XEOXEEOOX,0.210176
OXEOEEEXE,0.165336
OXOOEEEXX,-1
EXXOEOXOE,-1
XEXOOEXOE,-0.352
XOXXEOOXO,0.8
EEOEEOEXX,-0.96
EXEEOXEEO,0.437549
EXOEEXXOO,0.0371794
XOXOOXOXE,-1
EXOOOXXXO,0.8
XEXEOEEEO,-1
XEXXOOOEE,-0.43008
XEXXOEOEO,-0.672
XOOEXEXOE,-1
XOOOXXXOE,-1
EXOOEEOXX,-1
EXEOXOOEX,-1
EXEOXOEOX,-1
EXXOXOOOX,-1
EXOOOEEXX,-0.64
OEEOEXEXE,0.437108
EXXOOEOXE,-0.352
OEXOOXEXE,-1
OEXEOXEXO,1
XEXEOXOOE,-0.64
XEXOXOEEO,-1
XEEXOEOOX,0.799991
EEOOOXEXX,-0.64
XEEOOXOXE,-0.178365
XEEOOXEXO,0.153291
OEXXOXOEE,-0.4416
XOEEOXOXE,0.341067
EEEXXOOXO,-1
EXXOOEOEX,-1
XOEEOOEXX,-0.64
XXOEOXOOX,1
OXXXOEOXO,1
XXOEOXXOO,-1
XEEOOOEXX,1
OXXEOXXOO,1
EXEOXEOOX,-0.64
XEXOOOEEX,1
XEXEOOEOX,-0.608
OXXEXOEEO,-1
EXEXEEOEO,0.469802
EXOXXEEOO,-0.352
OEOOXXXXO,-1
XXOEOEOEX,1
XEEXOOEXO,-1
OEEXOXOXE,0.798704
OEEXOXEXO,1
OOXEXXEEO,-1
OEXOEEXXO,-0.64
XEEXXEOOO,1
OEXEOEXXO,1
EXEXOEOXO,0.500834
XXOEOOXEE,0.06272
XXOEOEXEO,-1
EXXEOOEXO,-1
XOXXOEEOE,1
OEXOOXXXO,1
EEOEXEOEX,-0.88192
EOEXOXXOE,1
EOEXOXXEO,-1
OXEOOXXXO,1
EOEXXEOOX,-1
XEXEXOOEO,-0.672
XOXXXOOOE,-1
XEXEEXOOO,1
OXOEEEOXX,-0.64
OXEEEOOXX,-0.64
XEXOEOEXO,-0.64
EOOXXOXEE,-1
OEOOEXXXE,-0.6464
EOXXOEEOX,1
EOXXEOEOX,0.0412265
EOXXEEOOX,-1
XXEOOOOXX,1
EOXEXEOXO,0.64
XEOOXOEXE,-1
XEOEXOOXE,-1
XEOEXOEXO,1
EXOXOEXEO,-0.352
EEXOOEXOX,-0.64
XOXOOXEXO,0.8
XOEOOEXXE,-1
XOEOEEXXO,0.521545
XEXEOEOXO,-0.4096
EEXOXXOOE,-1
EOXXEOEXO,-0.0866004
XOEXEXOOE,-1
EOOXXEOEX,-1
EOXXOEOXE,0.351999
EXXOOXXOO,-1
EOXXXOOXO,0.8
EXEOOOXEX,1
EXEOOEXOX,0.457754
EXXEOEOXO,-0.64
OXXXEOEEO,-0.00526519
OOEEXXOXE,0.06272
OXEEOXXEO,1
XOXXXEOOO,1
OEEXOEXXO,1
EEEOXOEEX,-0.773119
XOOEEOXXE,-1
XOEEOOXXE,-1
EOEXOXEXO,0.61374
OOXXEXOXO,-1
XOEEXOOXE,-1
OOEOEXXEX,-1
EEEEXOOEX,-1
EEOEXOOXX,-1
EOOXEOXXE,-1
EEOXOOXXE,-1
EEEXXOOEE,0.605605
EEEXXOEEO,0.604269
OXEEOOXEX,-0.672
EXEEOOXOX,0.392706
EEOEXEXOE,0.255203
OEOOXEXXE,-1
EEOOXOXXE,-1
EEOOXEXXO,-1
EEXEOOXOX,0.795705
OXEXEOXEO,0.788741
OXOXOEXXO,1
EXEXEOOXO,-0.46208
EEOOOXXEX,-0.4096
OXXEOEEOX,-0.4096
EXEOEXOOX,-0.928
EEOXOOEXX,-1
XEOXXOOEE,-1
XEOXXOEOE,-1
XEOXXOEEO,1
XXOXXOOEO,1
XXEOEOXEO,0.06272
EOXEXXEOO,-1
EXXEXOOOE,-0.672
EEEXOEXEO,-1
XXOEEOXEO,1
XEEEXOXOO,-1
XEOOXEOXE,-1
XOEXOXEEO,-1
XOXXOXOEO,0.8
XOEXXOOEE,-1
OEXOEXEXO,0.546149
OEXEEXOXO,0.465873
EEEXOOXEE,0.00868984
EEOEOXXXO,0.773858
EXEXOEOEE,0.722943
EOOXEOEXX,-0.88192
EOXOOXEXE,-0.4096
EEXOOXEXO,0.718655
EXOEOEXXO,0.8
EXEOOEXXO,0.799607
XEEOEOXOX,-1
OXEXOXOXO,1
EXOXOXOXO,1
XOXXXOOEO,0.8
XOXXEOEEO,-1
OXEOXXOEE,1
OXEOXXEOE,0.727632
XOXEXOEEO,-0.672
XOOXXEOXO,-1
EEXOOOEXX,1
EEOOEXXXO,0.63994
XOOEEOEXX,-1
XOEEEOOXX,-0.672
EXXOXEOEO,-1
XEXEXOEOO,-1
XXOOEOXXO,1
XOXXEXOOO,1
EEOXOXOXE,1
EEOXOXEXO,0.799998
EOEXXOOXE,0.64
EEOXXOOXE,-0.62592
OEOXXOOXX,-1
XEEOXOOXE,-1
OEXEXOOEX,0.75087
EOXEXXOEO,0.0964711
EXEXOOXEO,-1
EEEOOXEXE,0.53569
EOOXEEXXO,0.06272
EEOXOEXXO,-1
EEOEXOXXO,1
EOOXXOXXO,1
EOXXXOEEO,-1
EEXXXOEOO,0.210176
EOOXOEEXX,-0.352
OEEXXOOEX,0.64
EEXOOXXOE,-1
EEXOEXXOO,-0.96
XEEOOEXOX,0.779051
OEXXOXEEO,1
XEXOXOEOE,-1
XXOOXOXEO,1
XXOXEEOEO,0.8
EXOOXXXOO,0.8
XXEXEOOEO,-1
OXXEOXEEO,1
EOXEOXEXO,0.749723
EEEXXEOEO,-1
EXXXXOOOO,1
EOEXXEOXO,-0.384
XOXEOXOXO,0.8
XOEEXXOEO,-1
XEOEXXOEO,-1
XXOXXOEOO,1
EOXXOOEEX,0.442655
EOXXOEOEX,-0.1472
EOXEOEXOX,1
EXXOXEOOE,0.328141
EXXOXEEOO,-0.64
OEEXOOEXX,-0.01536
OXEXOOXEE,0.754453
OXOEEOEXX,-1
OXOXEOOXX,-1
EOXOEEXOX,-1
XEOOXXOXO,-1
XXEOOEEOX,-0.64
XXEOEOEOX,-1
XXEOEEOOX,-1
XEOXOOOXX,1
OXEOXXOOX,1
EOEOXXOEX,-1
OEXOEXOXE,1
XEOOOXXEE,0.64
XEOOEXXOE,0.639987
XXOOXXOOE,-1
OOOXXEXOX,1
OXOEOEXEX,-0.19968
XXEXOOEEO,-1
XXEXOEOEO,-0.352
EXXXOEEOO,-0.96
XXOXOXOEO,1
XXOXOXEOO,-1
EXOEEOXXO,1
EEOXOOXEX,-1
EEEXOOXOX,-0.3776
EXXXOOEEO,-1
EXXXOEOEO,-1
XEOEOEXOX,0.41866
EXOXXOOEE,-0.64
OXEXXOOOX,0.8
OXXXEXOOO,1
EEEOXXOOX,-1
XEOOOXXOX,0.8
OEEXEOOXX,0.570263
OOEXXOXOX,-1
OEOOXEEXX,-1
EXOEEOOXX,-1
XOXXOOEEE,-1
XOOXEEEOX,-1
EOEXOXOXE,0.445482
EOOXOXEEX,0.8
EOEXOXOEX,0.210176
EOEXOXEOX,1
EOOXOXXOX,1
XEOEXXOOE,-1
EOXXEOOXE,0.64
EXOXEXOOE,0.06272
EXEXOXOOE,0.280783
EXEXEXOOO,1
EEOEOXXOX,0.764625
EOXOOXXXO,0.8
EOOEXXEOX,-1
EXXXOOOOX,-1
EXXEEOOOX,-1
OXOXEOXEE,0.309275
EOOXEXEOX,-0.352
XOEXXOEEO,0.325558
EEOOXEOXX,-1
OEEOEXOXX,1
EXOOEOXXE,-1
XOXEOOXEE,-1
XEOEXEXOO,-1
EEXXOOOXE,0.253478
EEXXOEOXO,0.72628
OXXXOOEEE,0.747586
EXXEEOXOO,-1
OEEXXOXOE,-1
XEXOOOXEE,1
OXEOOEXXE,-0.352
OEXEXOEOX,-0.6976
OEEOXOEXX,-1
XEOXOXOEE,1
XEEXOXOOE,0.8
OXXXOOXEO,1
EEOEXXXOO,-0.384
EEEOXXOXO,-0.672
EEXXOOEOX,0.716945
EEXXOEOOX,-1
XOXEOEXOE,1
EEEOEXXOE,0.0884731
XEEXXOOOE,-0.3776
EOEEXOOXX,-1
OEEEOXXOX,-0.672
XXEEOOOEX,-1
XXEEOEOOX,-0.045824
OEEOEXXOX,-1
XEXOXXOOO,1
EEOXEOXOX,-0.672
EXEOXXOOE,0.792794
EEOEOXOXX,1
XXOEOOXOX,-1
EXXXOOOXO,-1
OEXEOEOXX,-0.64
XXEEXEOOO,1
XOEXXEOEO,-0.3776
OEXOXOOXX,1
XXEEOOOXE,0.422513
EXEXXEOOO,1
EXEOXXOEO,-0.1216
EEXOEOXXO,-1
EEXOXOEOX,-1
EXEXOEOOX,-0.0424307
EEEXOXXOO,0.210176
XXEXOOOEE,-0.352
XXEXOEOOE,0.49801
XEEXEOOEE,0.571484
XEEXEOEOE,-0.559027
XEEOXXOOE,-0.64
OOXOXEOXX,1
EOEEXXXOO,-1
XEXXOOOXO,-1
XEXEOXEOO,-0.64
XOXXOOEXO,-1
EOXXEOOEX,0.633515
EEXXEOOOX,0.200582
XOXEOXXOO,1
EEXXOOXEO,-0.64
EEOXXEXOO,-0.64
EEXXOOEXO,-0.0521985
XOEXEOOXE,0.380177
EEEXOOOXX,0.719035
EEOXOXXOE,-0.352
EXEOEOXXO,-0.64
XEXXEOOOE,-1
XEXXEOOEO,-0.352
EXEOXOXOE,-1
EXOXOOEEX,0.0760431
EXOXEOOEX,0.176115
EXOXEOEOX,-0.00358869
EXOEXOOEX,-0.96
EXEEXOOOX,-0.672
XEXXXOOOO,1
EOEOEXXXO,0.579297
XOEOOXXXO,0.8
XEOEOXXEO,-1
XEEEOXXOO,-0.96
EOOXXOXOX,-1
XEXXOOEOE,-1
XEXXEOEOO,-1
EEOXEXOXO,-1
XXEEOOEOX,-1
XEEOOXXOE,0.745874
XEXEOOXEO,-1
EOEXXOEXO,0.716396
EOXEEXXOO,-0.64
XEXOEOOXE,-0.3264
XXEXOOEOE,-1
EEEXOXOXO,0.774209
XEOEOXEOX,0.799972
XEOEOXXOE,-0.1472
XEEXEOOOX,-1
XXOEXEEOO,0.8
EEOXXOEXO,1
EEXEOXXOO,0.5952
XOEXXEEOO,-1
EOXOEXOXE,-1
EXXOOXEOE,-0.96
EXXOEXOOE,-1
EXXOEXEOO,-1
EEEXXOXOO,-1
XXEOOEEXO,-0.672
XXEEOEOXO,-1
XXOEOXOXO,1
EXXEOEXOO,-1
XXOEOXOEE,1
EXEXOOOEX,0.724923
XXEOOXOEE,-0.1216
XXEEOXOEO,-0.64
EEEXOOXXO,-1
XEXXOEEOO,-1
EEEOOXXXO,0.743573
XXOEXXOOO,1
OOXEOEXXE,-0.4416
OXEOEEXXO,-1
OXEXOOEEX,0.492276
EXEXOOEOX,0.0736865
EXEEOOXEE,0.476749
EXEOOXXOE,-0.215648
EEOXXOXOE,-0.14208
XOXXOXEOO,1
XEXXOXOOO,1
EXXEOXOEO,-0.64
EXXEOXEOO,0.06272
EXEXOOXOE,-1
XXEOEOXOE,-0.9024
EXOXOXOEE,1
EXXOEXOEO,-1
XEEXEEOOE,0.314162
EEXOEXOXO,0.760309
XXEOOOXOX,1
EXXEOXOOE,-1
XEXOEXOEO,-0.672
OXEXOXXOO,1
EOXEEOXXO,-0.928
EEOXOXOEX,1
XEXXOOOOX,-1
XXEEOOXEO,-1
EOXEEXOXO,0.470131
EXOEXOEOX,-0.19968
XOEXXOEOE,-1
XOEXXEOOE,-1
EOEXXOXEO,-1
OXXXOOEXO,1
EEXEOOOXX,0.772835
EXEEOXOOX,-1
EXXXOXOOO,1
EXOXOEOEX,1
EXOXOEEOX,0.771186
XXOXOOOEX,1
XEEEOXOXO,0.557369
EXOEOXXOE,0.4096
EXXXEEOOO,1
EEOXOXXEO,-0.96
EEOXEXXOO,-1
EEXOOEOXX,0.06272
XEEOXOXOE,-1
XXOEEEOOX,-1
EOEXXOEOX,-0.96
EEOXXOOEX,-1
EXOXXEOOE,-0.64
EXOXXOXOO,1
XOXEEOOEX,-1
EXOEEXOOX,0.0994583
XXEOEXEOO,-1
XXEEOXEOO,-1
XXOXOXOOE,1
XXEOOXXOO,-1
XOOEXXXOO,-1
XXOXEEOOE,0.799869
XXEXEEOOO,1
XXOXEOOOX,-1
EXXOOOXXO,1
XEOXEXOOE,-1
XOEXEEOOX,-0.352
EXOXXOOOX,-1
XOXEEEOOX,-1
XXEOOXOOX,-1
XOOXOXEOX,1
XEOXOXOOX,1
EEOOXOEXX,-1
XXEXOXOOO,1
EEEOOXOXX,0.558408
EOOXOXOXX,1
EEXXEOOXO,-0.189871
EXXOEEOXO,-1
EEXXEXOOO,1
EXOEXXEOO,-1
EXEOXXEOO,0.741841
XEOXXEEOO,-1
EEEOXOXOX,-1
EEXXEOXOO,-1
XEEOEXXOO,0.288348
XOXOXXOOE,-1
OEXOXOEXE,-1
EXOXOXOOX,1
EXOOXXOOX,-1
EOXXOOXOX,1
EEXXOXOOE,-0.64
EXOXOXEOE,0.670164
XEXOXOOXO,-1
EOEOXXEOX,-1
XOEXEXEOO,-1
EEOXEXOOX,-1
XXOXEXOOO,1
XEEXEOOXO,0.469927
EXOOXEXOE,0.62908
XXEEEOOXO,-1
XXEEEOXOO,-1
XEOXEOEOX,-1
EXOXEEOOX,0.00597171
EXOEXXOEO,-1
EOXXEOXEO,-1
