EEXXEOOEX,0.347157
EXEOXXOEE,-0.64
XXEEEEEOE,0.290471
XEEEEEEEE,0.626655
XOEEEEXXO,0.734839
XXOXEOXOE,1
EEEXEEEEE,0.616088
XXEEOEOXE,-0.3264
EXXEEEOEE,0.397114
EXEEEEEEE,0.608623
EXEOEEXEE,0.535535
EOEXXEOXE,0.49581
XXOXOEEXO,-1
OEEXEEXXO,-1
EXEXOEEEE,0.170767
OXEEXOOXX,1
EEEEEEEXE,0.604274
XEEOOXXXO,0.08
OEEEEEXEX,0.790428
XXXEOOOEX,1
EEEEXOXEE,0.629064
EOEXEOXEX,0.770118
OEXEOXEXE,-1
XEXOEXEOE,0.479084
XOEXEEOXE,0.325278
XOEEOEXEX,-1
XEEEEOXEE,0.517354
XXEXOOEOX,0.8
OXXXOOXOX,0.1
EOXOOXXEX,1
EEXOXXEOE,0.410967
XEXEEOOXE,0.394571
XXOOEXEOX,0.40327
EEXEEEEEE,0.619534
XXXOEOXOE,1
XXOEOEEXE,-0.786018
XXOEEOXEE,-1
XXEOOXOEX,-0.64
EEEEXEEEE,0.636697
XEEXEEOEE,0.408815
EXEEEEOEX,0.45128
OEOXXEOXX,-1
EXEXEEOXO,0.0664546
EXEOXXEEO,0.359338
XEOXEOXEE,1
EXEOOXXEE,0.248819
EEXEOXEEE,0.729475
OXXOXEEXO,1
XOXXOOXEE,1
EXEEEOEEX,0.534185
XEXXOOEOX,-0.352
EEXEEOXEE,0.56744
OXOXOXXOX,0.1
OEXEXOXXO,1
XXEOXEXOO,0.228096
OEXXXEEEO,0.8
EEEEEEEEX,0.60938
XXXEOEEEO,1
EEOEXXEEE,0.796249
OXXEOXXOE,-0.64
EEXOEXEEE,0.701644
XXOEXEEOE,-0.00829457
EEEEEXEEE,0.60327
XEXEEOOEX,0.744366
XXXEOEXOO,1
XOXEXEXOO,1
EOXOXEXOX,1
EEEOXEEEX,0.771052
XEOXXXOEO,1
XXEEXOOEE,0.745539
EEEEXXEOE,0.767174
EEEXOXEXO,-0.9024
EEEEEEXEE,0.611158
XEOOEXXEE,0.317089
XXOEEXOEE,-0.548045
XOEXOXEXO,0.199417
OXEEEEXXO,-0.672
XEXXOEEOE,-0.64
XXEEEEOOX,0.779914
EEOXXOXEE,-0.92544
XEOXEXOEE,0.06272
XXOOOEEXX,-1
XEOEXXOEE,0.797088
XXEOXXOEO,-1
XEOEEXOXE,-0.672
XXOOXEEXO,1
OEEXEEXOX,-0.12632
EEXEOXOEX,1
EXXOEOEXE,-0.247859
XXXEEOOEE,1
EEEEEEXXO,0.281462
EXOEEOEXX,0.784517
XEOEEXOEX,-0.352
XEXOOEEEX,-0.64
OEXXEOEXE,0.373467
EXEEXEOEE,0.783473
XOEOXOXEX,1
XOXXXOXOO,1
OXEXXXOEO,1
EXEXXOEEO,-0.231211
OXEEEXOXE,-0.30592
XXOXEXOEO,-1
XXOEXXOEO,-1
XXOEEXOXO,-1
XEOEEXEEE,0.343892
XOXOXEXEO,1
EXXEOEEEE,0.737931
EEEEEOXXE,0.458907
EXOXXEEEO,-1
EEXOEOEXX,-0.64
EOOEXOXXX,1
EOXXXOXEO,1
EOXEXOEXE,0.53103
XXEEEEOEE,0.269325
EEXXEEOEE,0.39275
OXEXXEEOE,0.39422
XEOEXXXOO,0.629137
XOXXOEOXE,0.08
EOXEXXEOE,0.8
XOEOEXEEX,0.740228
EXEEEXOEE,0.200676
EOEEOXXXE,0.686727
EEXOXOEXE,0.738858
XEEEEEOXE,0.588018
XEOOXXXOE,0.225512
EEEOXOEXX,0.732889
EXXEOXEEO,0.217713
XEOEXEOXE,0.8
OXOEXXOEX,-1
EXEXEEOEE,0.366011
OOXXOXEEX,1
XXOEEXEEO,-0.0724057
XEXOXOEOX,1
EXXXOOEOX,0.452289
XEXEEOEOX,0.536716
EXEEEEOXE,0.395437
XXOOEXEEE,0.357197
OEEEXEEXE,0.766092
OXXOOEEXX,-1
XXEXEOOEE,0.506141
EEEEEOXEX,0.773656
EEEEXEXEO,0.452638
XOXXXOEOE,0.8
EEXXOXXOO,-1
XXEEEOOXE,0.8
XXXOOXOXO,1
XXOEOEXOX,0.256344
XXEEEOOEX,0.53758
XOEXEOXOX,1
EEEXEEEOX,0.365697
XXEOXEOEE,0.712609
EXOXXEOXO,1
XXOOOEXXE,-1
EOOXXEXOX,-1
EEXXXOEOE,0.39693
EXXOXEOEE,0.29321
OXOXEOEXX,0.8
XXXEOOEEE,1
XXOOXXOXO,1
OXOXOXEEX,-0.784
OEEXEEXEE,0.029219
XXEEEOEOX,0.797578
XEOOXEXXO,-1
EXEOXEOXE,1
EOXXXOOXE,0.08
EXEOXEOEX,-0.64
XEEOEOXEX,-0.352
OXXXEEOOX,0.520037
XXEOXOEEE,0.8
XXXOXEOEO,1
EXEOEEEEX,0.534281
XOXXOXEEO,-0.784
XEOEEOXEX,0.799957
XXOXOEEOX,-0.64
XXOEXEOEE,0.788036
XXEOOEXXO,-1
XXOEEEOEX,-1
XEEOOXXOX,-1
XXEOXEOXO,1
XOOXEXOXE,-0.1216
XEOXOOXEX,1
EXOXEXEEO,0.424897
EXEOEEEXE,0.441477
XXEOEOEEX,0.49801
OOXEEXXOX,1
XXEXEEOOE,-1
XOOOXXXXO,0.1
XEXOOXEOX,1
XXEOEEEEE,0.450156
OEXXEXXOO,-1
EEXXOEEXO,-0.453603
EEOEEXXXO,-0.321182
EXXOEEEEE,0.492126
OXXEXOOEX,-0.784
EXEOXEEEE,0.724439
EEXOEEEEX,0.417139
XOOOEXXEX,0.8
OEXOXEXEE,1
XXOEEEXEO,-1
XOOXXXXOO,1
XOXEXOXEO,1
EOEXEEEEX,0.524045
XXOEXOXOE,-0.64
OOXXEXEOX,1
XEEOEXXOE,0.41804
EXEOEXEEE,0.393376
EEXEEEEOX,0.480961
EOOOXXXEX,-1
XEXEEOEXO,0.691878
XXXOXEOOE,1
XOXEEEOXE,0.294989
XXXOEOEEE,1
EEOEEEXXE,0.385681
XEOXXEOEE,0.722594
XXEOEOXEE,-1
XXOEXOEEE,-0.64
XXEOEOEXE,-1
OEEEXXXOE,0.761268
OXXXOEEEE,-1
XXEEOXXOO,0.8
EXEEEOXEE,0.423323
EEXXXEOOE,0.06272
XEOEEOXXE,-0.64
XXEEXOOXO,1
EXOEXOEXE,1
XEEEXOXEO,0.633935
XEOXXOEOX,1
EEEXEOXEE,0.773303
XEEXXOEEO,-0.64
XEOEXOXEE,0.676305
EXXEXEOOE,-0.64
XOOEXEEEX,1
XXOEEOXOX,0.8
XXEEEOEEE,0.543276
XEEOEEXEE,0.496778
XOEXEOOXX,0.362359
EXXEEOEEE,0.751068
XOXEXEOOX,1
XEXXOOOEX,0.445744
EXEXEOEEE,0.490777
EXXOOEEEX,-0.352
XOOXXEEOX,1
EXEEXOEEE,0.472412
XXXEEOEOE,1
XXXXEOOOE,1
OXXOXOXEE,1
EXEEEOEXE,0.530051
XOEEEEXEE,0.59631
EOXEEEXEE,0.602726
EOEXEEXEE,0.499986
EOEEXEXEE,0.727264
EEEEEXEOX,0.508792
XEXEOOXXO,-0.64
EOEOXXXEE,0.610756
EOXXEEEEE,0.563085
XXEEOEXEO,0.734276
XXEXEOEEO,-1
XEEXEOOEX,0.641004
XOXOXOXXO,1
EOEEEXXEE,0.520111
XXEXOOEEE,0.479261
EOEEEEXXE,0.71456
OOEXXXXEO,1
XEXEOEEXO,0.694136
XXXEXOOEO,1
EOEEEEXEX,0.553496
OXEOXOXXE,1
XOEXEEXOE,1
XOOOXXXEE,0.512679
XEEOEEEXE,0.217462
XXEXEOEOE,0.767945
XEEOEEOXX,0.261714
EXEEOEOXX,-0.86784
XOXEEEEOX,-0.64
EXXXEOOXO,0.8
EOOXEEXEX,0.210176
XXEEXOEOE,0.524429
EXXOEOXOX,-1
EOXXEEOXE,0.373368
OOXEEXXEE,0.797779
XOEXXEOEE,0.8
EOOXXXEEE,1
XXEEEOXOE,0.788434
XEXEOOXEE,-0.64
OEEEOXXXE,-0.64
EEXXOEXOE,-0.64
XOOOXXOXX,1
EXOEEXOXE,-0.96
XEOXEEEEE,0.320898
XXOXOOXOX,1
XXEOEEEOX,0.785821
EXOXEEEEE,0.355326
XOXOXXOOX,1
EEOXXEEEE,0.782463
EOXXXOEEE,0.735399
EEOXEXEEE,0.386429
XEEEOEOXX,-1
EEEXXEOEE,0.797
EEXOOXEEX,1
EEOEEEEXX,0.796361
EEOXEEXEE,0.382902
EXEEEXOXO,0.209987
OEXXXOOXE,0.521463
XOEEEXXEO,0.608532
OXXXOXOEE,0.06272
XOXXOOEEX,-1
EEOXEEEXE,0.226047
XXOEEXEOE,-0.016024
EEOXEEEEX,0.367625
OXEXEXOOX,0.8
XEXOXXOOE,-0.1216
XOOXEEXEE,1
XXOEEEEEE,0.321132
EXXEOXEOE,0.74173
XEOEXOOXX,1
EXOEXEEEE,0.750893
OXEXEOXEE,0.146633
EXOEEXEEE,0.413401
XEEXEOEEE,0.527168
EXOEEEXEE,0.476311
XXOXXEOOE,-1
XXXXEOEOO,1
XEEXXOOEE,0.34796
EEEOEXXEE,0.489498
EEXOEXOXE,-1
EXOEEEEXE,0.396375
EXOEEEEEX,0.459345
OOXXOXXEE,-1
OOXOXXEXE,-1
XXOEXEOOX,1
XOXOOEXXE,-1
XOOOOXXXX,1
XXXOEEOEE,1
XOEXOOEXX,0.290707
OEXEXEXOE,1
OXEXEXXOO,-0.352
XXOXEOEEE,-1
XXOOXXXOO,0.1
EXXOXEXOO,1
XXOEEOEXE,-0.25728
XXOEEOEEX,0.0135359
OXXXOEOEX,0.438726
XXOXOOXEE,1
EOXOEXEEX,1
OXXXOEOXE,-1
XXEOEXOEE,0.437868
EOXEXEEEE,0.793142
EEEOXXEXO,0.421182
XOOEXEXEE,0.8
XXEOEEOXE,0.468801
XXEOXEEOE,0.8
EXEXEOEXO,0.04224
EOXOXEXXO,1
XXEOEEOEX,0.559981
EXXXXOOOE,-0.784
XXOOXXOEE,0.8
EEEOEEEXX,0.527844
XEEEXEOEE,0.449056
XXOOXEOXE,1
EOEEXEEEX,0.76295
XXXOOEEXO,1
OXXXEOXEO,-0.64
XXOOXEOEX,1
XEEXOOXEE,1
XOEXEEEXO,0.458775
OOXXEXOEX,1
XXEEEXEOO,0.529877
EEEEEXXEO,0.426897
EXXEEXEOO,-1
XXEOOEXOX,-0.6112
EOXEEEXXO,0.354711
EEXXEEEOE,0.488039
EXEXEXEOO,-0.1216
XEOXEOEXE,-0.560595
EEEEXOXOX,0.8
EOOXEXEEX,-0.174994
EOXEOXEXE,0.338584
EXEOOXXXO,-0.784
XXXEEEOOE,1
EEEXOXOEX,-1
EEXEOXXOE,0.06272
OXXXEXOOE,-0.64
EXEEXXEOO,-0.352
XEOOOXEXX,-0.64
OXXXEXEOO,-1
XOOXXXOOX,1
XEXXEEOOE,-1
XEXEOOEXE,-1
XOXEXXOOE,-0.1216
OOXOXEXXE,1
EXEEEXXOO,0.638254
EEEEEXOEX,0.420433
XEXOXEOEE,0.8
XXOXEXEOO,-1
EEXEOEEXE,0.404312
OXXXEOOXE,0.545361
XXOEXXEOO,-0.784
XXXOOXOEE,1
XOXXOOEXE,0.354045
XXOEEXXOO,0.166836
XXXEEOOXO,1
EXXOEXXOO,0.8
XXOEOOEXX,-1
OOEXXXXOE,1
XOOEOEXXX,1
OEEXXOXOX,0.134713
OXOEXEOXX,1
XXOXOXXOO,1
OEEXEXXOE,0.471115
XOEXEEEOX,0.06272
XEOOXEXOX,1
EXEEEXEEO,0.0555166
XXEEXEOOE,-0.64
EXXEEOOEX,0.349526
XXEOEEXOE,0.612263
EXEXXEOOE,-0.00135289
XEXEOEOEX,0.8
EXXEEXOOE,-0.9024
EXEEXXOOE,-0.448985
OXXXXOXOO,1
EXEEXEOOX,0.739504
XXXEXOOOE,1
XXXOOXEOE,1
XEOXXEEOE,0.799998
OEXOEEXEX,0.780074
XEXEOXOEE,0.635586
XEEEOEXEE,0.494036
OEXEXEEXO,0.8
EXEEOEXEE,0.154666
OEXOOXXEX,1
OEEEEEEXX,0.314258
OXEXOOXXE,-0.352
EEXEOEXEE,0.201762
OOEEEXXXE,-0.352
EEEXOEXEE,0.335743
OXXEEOXEE,0.135046
EEEEOXXEE,0.338615
EEXXOXEOE,-0.64
XEOEXXOOX,1
EXOOXEEXE,1
XXXEXOEOO,1
EEEOEXEXE,0.4585
OOEOXXXEX,-0.64
EXOXXOXOE,-0.362368
EEEEOEXXE,0.721087
EEEEOEXEX,0.322641
EXXEOOOXX,-1
XXEOOEXEE,-0.584429
EXEXOOXXO,-1
XEEXEOOXE,0.119735
EXEXEXOEO,-0.672
OXXXEOEXO,-0.352
EXOXEEEXO,-1
XEXOOEXEE,-0.414716
EEXXOOXOX,-1
XEEOOXXEE,0.281871
XEEEEOEXE,0.45055
XEEOOEXXE,-0.0726835
XXOOOXXEE,0.08
OXOXXEOXE,1
OXEEXEEXO,1
XOXOXXXOO,1
XEEOOEXEX,-1
OXOEXXXOE,0.151148
EXEEXEOXO,1
XXOOXOEEX,1
XXEXOXOEO,-1
EOXOXXXOE,1
EOOEXXXOX,-1
XEXOOEXXO,-0.47296
XXOXEEOEE,-1
XXXEOEEOE,1
XXOEEEOXE,-1
EEEEXXOOX,0.755379
XXOOXXEEO,0.154958
EXXOXOEEE,0.796767
EOOEXXXXO,-0.784
EXOXOXXEO,-0.1216
XXOOEXXEO,0.08
XXXOOEEEE,1
XEXEXOEEO,0.8
OXXOEXXEO,-1
XXOOEXEXO,0.354664
XOXXEOEOX,-0.64
XXEEEXOOE,-1
XXOEXXOOE,-1
OXXOOXXEE,-1
OEOEXEXXE,-1
XOEOEEXEX,0.752438
EXEXEEEOE,0.370246
XOEEXOXOX,1
EXEXOXXOO,-1
XOEXXOEEE,0.743058
EXOEEXEOX,0.399041
XXOXXOOOX,1
EEXEEXOEE,0.445126
XXEEOOXEE,-0.352
XXEEOOEXE,-1
XOXEXEOEE,0.419594
XXEEOOEEX,-0.0572518
XOOEOXEXX,-1
OOXEXOXXE,1
XEXOOXEXO,0.546036
OXOXEXOXE,-0.1216
EEOXEOXXE,0.422513
OXXEEXOEE,-1
XEOXEEEOX,0.716506
XXXOEEXOO,1
OXEXEXOEE,0.446319
EEOXXXOOX,1
XEEOEEXXO,-0.0787663
OEEXXEXEO,0.8
EEXOXEXEO,1
OXOOXXXOX,0.1
XXEEEEEEO,0.374959
OXEEXXOEE,-0.64
EOXOXXOEX,1
OXEEEXOEX,-0.3776
EXXEEOEXO,0.8
OXEEEXEEE,0.426172
EXXEXOXOO,1
XXEEOEEEE,0.244869
XEEOEXEEE,0.506969
OEXEEOXXE,0.792348
EXEEOXEEE,0.0823657
EOEXOEXXE,0.570797
EXEEOEEXE,0.139532
XOXOXOXEE,1
EXEEEOXOX,0.426248
OEOOXXXEX,-1
XOEOOXXXE,0.221596
EXEEOEEEX,0.385649
EEOXXOEXE,-1
EXOXEEXOE,0.469969
OXEOXOEXX,1
XEOXOEEXE,-1
XXEXOEEEO,0.799024
XOXXXOEEO,0.455754
EXXEXOOOX,0.636493
OXEOEXEXE,-0.64
XXOEEXOOX,0.06272
XOXEXOXOE,1
EXEOEXOEX,-0.85632
OXXXXOOXO,1
EXEEEOXXO,-0.64
XXEEOXEEO,0.554867
EXXOXEOXO,1
XOXOEEXEE,0.205582
XXEEOEEXO,0.354461
XXOEXEEEO,-0.608
EXOEXOOXX,1
XEXOEOXOX,-0.64
EXXEEEEEO,0.193976
XOEXEEXEO,1
EOXXOXEXO,-1
EXEXEEEEO,0.279402
XEOEXEXOE,0.468284
EXEEXEEEO,0.759739
EXEEEEXEO,0.342946
XOXOXOXOX,1
EXEEEEEXO,0.28882
XOXXXEOEO,-1
EXOEXXEEO,0.774051
OXEEOXXOX,0.170879
EOOXXEEXE,-1
XXEXEEOEO,-0.96
EEEXOOXXE,0.799653
EEEEOEEXX,0.402615
XEXOOEEXE,-0.64
OEEEEXEEX,0.472488
OOXXXEEEE,0.789537
EXOEEXXEO,0.517081
XOOXXOXOX,1
EXOEEXEXO,-0.026847
XOXOXXOXO,0.1
XOXEEOEXE,0.455985
EXXEOOXEE,-0.149248
XEXXOOEXO,0.8
OXXOEXXOE,0.8
EEEEOXXOX,-0.46976
XOXXOOXXO,1
EOXXEXEOE,-1
XEXXXOEOO,-1
XOOXXOEEX,1
XEXEXOEOE,0.798854
XXOXEEEEO,-0.71808
EEEXOXOXE,-1
XXOXXEEOO,-1
EOEXXEXEO,0.765606
EOOXEXEXE,-0.1216
XXOEEEEXO,-1
EEEEXEEOX,0.791957
OEOXXEEXE,-0.64
EEXOEXXEO,0.387073
XXOXOEEEE,-0.1216
EEEXEXEOE,0.415662
OEXOXXEOX,1
EXOXOXEEE,-0.784191
EEEOOXEXX,0.612937
XOEOXOEXX,1
OEOXXXXOE,1
XXEOXEOOX,1
XEXEOXXOO,-0.352
EOEXEXEXO,0.186467
EXOXOEXEE,0.454195
EOOEXEXXE,-0.64
XXEOXOEXO,1
EEXXXOOEE,0.363342
XOEEXXEEO,0.551154
EXOXOEEXE,-0.928
XOOXEOXXE,1
XXEXOOXOE,1
OXEXEEXOE,0.219033
EXOXOEEEX,0.0651252
XXXOEOEXO,1
EOXXOEXEE,-0.96
XOEEXEOXE,0.602729
XXOXOXEOE,-1
EEEEXEOEX,0.592492
EXXOEEEOX,0.478158
XEEOEXEXO,0.294904
EXXOXEOOX,-1
XXOXOEXOE,1
XEEEOEXXO,0.589971
OOEEOXXXX,1
OXXEEEXEO,-0.10112
OEEOXXEXE,-0.64
OXXOXXEOE,-1
OXXEEEEEE,0.058027
EXXEOXOEE,0.607954
XEEXEXOEO,-0.15657
OXEXEEEEE,0.424662
XOEEEOEXX,0.8
XEEOXEXOE,0.8
OXEEXEEEE,0.795878
EOEEEOXXX,1
XEXXOEXOO,1
XEOXEEOEX,0.49801
XOXOXEEXO,0.197017
EOXEEXOEX,1
OXEEEEXEE,0.396709
XEOXXOOXE,-1
OXEEEEEXE,0.421912
EEXEXEOXO,0.476386
EEXEEOOXX,0.0673676
EEXOOXEXE,0.703126
EOXOXXEOX,1
XEXEXEEOO,-1
OXEEEEEEX,0.382811
EEXEEXXOO,0.483397
XEXOEEXEO,0.8
OXXXXEOOE,-1
OXXXEEEEO,-0.96
XEXOOXXEO,0.274251
EEOEXOXEX,0.767913
EEOXEOEXX,0.723106
EOXEEXEEE,0.601494
OEXEXEOEX,0.06272
OXXEXEEEO,0.716103
XEXEEOEEE,0.522107
XEXXEOOOX,0.8
OXXEEXEEO,-1
EOEXXOEXE,-0.252995
OEXXEEEEE,0.57088
XOOXEOXEX,1
EEXXOEEEE,0.33249
XEOEOOXXX,1
XEXEOOEEX,-1
OXXEEEEXO,-1
XEEEEOOXX,0.334217
EXXOOXEXO,0.06272
OXXXXEEOO,-1
OXXEEXOOX,1
XEXOEOEEX,-0.352
EXXEOOEXE,-0.1216
XXEEXEEOO,-0.96
XEOOOXXEX,0.248988
XXEOOEOXX,-1
OXXXEEXOO,-0.1216
EXXEOEEXO,-0.1216
EXEXEOOXE,0.704248
EEEEEOEXX,0.414084
XOXEOXOXE,0.142698
XXOEOXEEE,-1
XXOEOEXEE,0.58456
EXOOXXOXE,1
XEXXOOEEE,0.8
EXOXXEOOX,0.8
EOXXEXOXO,0.419039
XXEOEXEOE,0.623914
OXXEOXOEX,1
OXXOXEXEO,1
XXOEOEEEX,-0.928
XEEEEXOXO,0.304314
XEEXOXOEE,-0.9024
OEXEXXEOE,0.797574
XXXEEOEEO,1
XXEEXOEEO,-1
XOXOEXEXO,0.0799493
XEEOXEXEO,0.575827
EXXOOXEOX,1
OEXXEOXOX,0.320428
XEXEOXOXO,0.302826
XOOXXEOEX,1
XEXOEEEXO,0.513408
EEEXXOXOE,0.8
XXEEEOXEO,-1
XOOOXEEXX,1
XXEEEOEXO,-0.9024
OXXOXXEEO,-1
EEEEXOEEX,0.674081
OOXXXOXEE,1
EXXOEEEXO,0.664176
EXEXEOEOX,0.465686
OXXOEXEXO,-1
EOXOEEEXX,0.596961
XOEXXOEOX,1
XOXEEXEOE,-0.64
OXXOEXEEE,-0.0644608
XOEOXXEEE,0.531181
EEXXEOEOX,0.518848
XXEXOOXEO,1
XEXEEEEOE,0.604275
XOEOXEEXE,0.522772
EXXEEEEOE,0.795017
XXOOEEXOX,0.217709
OEEXOOXXX,1
EXEEXEEOE,0.503006
XEXXOOXOE,1
EOXXEOEXE,0.453531
EEEXXOOXE,0.671166
XXOEOOXXE,-1
EEXEOXEXO,-0.00932016
EXEEEXEOE,0.407998
OXOEXEEEX,0.174148
EEXXOOEEX,0.367638
EXEEEEXOE,0.520895
EXEEEEEOX,0.514256
EOXXXEEEO,0.799979
XXXOEEEOE,1
EOEEXOXEX,0.793876
EXEEXOEOX,0.598395
XXEEEEOXO,0.8
EXXEEEOXO,0.336244
OXOOEXEXX,-0.352
EXOXXEOEE,0.789538
XXOXEEOXO,-1
EXOXEEOXE,-0.64
OXXXOOXEE,-0.784
XXOEXEOXO,1
OXEXOXOXE,-1
XEXEXEOOE,-0.64
XXEEOXOEE,-1
EOXXXXOEO,1
XOXOEOXXE,-0.1216
EXXEOEOEX,0.78969
XEEEOOXXE,-0.64
EOXEXEEOX,0.8
XEEEEXEOE,0.457985
EEEXEXOEE,0.428343
XEOEXEXEO,-0.352
EEEXEEOXE,0.356737
OOXXEEXEE,0.231512
XOEEXXOEE,0.663459
EEEXEEOEX,0.40754
EOXOEOXXX,1
XOXEEOXEE,0.71049
XXOOXEEEE,0.771933
OOEXXEXXO,-1
XEXOEXOEE,0.787829
XXOOEOXEX,-1
EXOEXEXEO,-0.64
XEXXEOOEE,0.604343
XXXOOEOXE,1
XEOXXOOEX,1
EOEEEXOXX,0.486903
XEXEXEOEO,-0.64
XXEXXOOOE,-0.64
XXEXEOOOX,0.8
EXOXEXEOE,0.48383
XEEEOEEXE,0.0214178
OXXXXEOEO,-1
OXEXXEOXO,1
EEXEEEOEX,0.492866
EXOXXXOEO,1
OXEXXEOEE,0.799315
EOEXEXEEE,0.414726
XEOXEEOXE,-1
XXOXXOOEE,-0.64
XEOXXOEEE,-0.64
XEOXEOEEX,0.689278
EEEXOEEXE,0.302994
XEOEXOEXE,-1
EXXEOEEOX,0.7964
EOEEEEEXX,0.486258
EXXEXEEOO,-1
XXEOXXOOE,-1
EEEXEOOXX,0.411751
XXXOXOEOE,1
EXXXOEEEO,0.06272
XEXOXOOEX,1
XXXXOOEOE,1
EXXEOEXEO,-0.4416
EEEOEXXOX,0.501265
XEEXXOOOX,1
EEEOEEXXE,0.558945
EEXOXEEEE,0.779401
OXEEXOXEE,0.768999
OXEEOEXXE,-1
XOXXEXOOE,-1
OXEEEOXXE,0.56424
XOOEEEXEX,0.678393
OXEEEOXEX,0.457984
XEXEEXOEO,-0.897792
OXXXEOXOE,0.507372
OXOXEEXXO,-1
OEXOXXEEE,-0.3264
OXXEXOXOE,1
EXXOEEXEO,0.528006
XOXEXOEOX,1
EOEEXEXXO,0.258447
XOXXEOXEO,1
EOXOXXOXE,-1
OXXEEOXOX,0.370531
EOXOEXXEE,0.682507
XEEEEOXOX,0.559917
XXOEOXEXO,-1
XXEXOEOOX,-0.64
XXOEOEXXO,-0.784
XXXEEEOEO,1
EEOEEXXOX,-0.0749753
EXOXEXOEE,-0.352
XXEOOXXOE,0.660808
EXOXEEOEX,-0.4096
XEXOEEOXE,0.640557
OEXEEEEXE,0.392496
XEEEXOEEE,0.786335
EEXEEXOXO,-0.0157282
XEEOXEOXE,0.8
EXXOOEEXE,-0.4416
XEEOEXOXE,0.604609
OOEXEXXEE,-0.64
XEXOEOXEE,0.49801
XEXEOEEEE,0.375303
XEEOXXOEE,0.716405
EOEXXOOXX,0.427342
XXXOEOOXE,1
XEEEXEEOE,0.519049
EXOXEOEXE,-0.1216
EXOEXOXOX,0.328194
EOXOEEXEX,0.798968
OOXXEXXOE,-0.64
OXOXXXOEE,1
XXEOXOOXE,1
XOXEEOOXX,0.216653
XXEOEOOXX,-1
EXOOOEXXX,1
OXEXOXEEE,-1
OXOXXXEEO,1
EEOEEXEEX,0.419888
XOXEEOEEX,0.62454
OXEXOEXEE,-0.611152
XOEOEXEXE,0.5157
EXOXOOEXX,-1
XEXOEXOXO,0.365443
OXEXEEEXO,0.422513
EXOEXOXEE,-1
EOEEXXXEO,0.799917
EXOXEOEEX,0.452547
OXEXOEEXE,-1
OEXXEEXOE,0.287243
OXEXOEEEX,0.316969
XEEEXOOXE,0.649148
XEOEXOXOX,1
OXOXXEOEX,0.8
EEXXEOEEE,0.532775
XEOXXOXOE,1
XEOXXEOXO,-1
EXOOXOXEX,0.8
XEEEEXEEO,0.43843
OEXXXEOEE,0.707867
XOOXOXEEX,-1
EEEXXOEEE,0.530788
OXXEXEEOE,0.196057
EEEXEOEXE,0.401068
EEEXEOEEX,0.508475
XOOOEXEXX,0.8
EOXXOXEEE,-0.878234
XEEXOOEXE,0.601576
XOEXEXEEO,0.487606
XEEXOOEEX,0.405833
EXXOXEEEO,0.715967
EEXEEOEXE,0.503194
EEEEXOEXE,0.762445
XEEEOOEXX,-0.735996
EEEXXOOEX,0.364722
OXEOEXXEE,0.618564
XXOXOOEXE,-1
XEOEXEEXO,-0.222721
EOXXOXXEO,-1
XOXXEOEEE,0.375593
EXXXEOEOE,0.57392
EOXXEOXEE,0.8
XEOXOEXOX,1
XXXEOOEOX,1
EOXXEOEEX,0.450547
XXOXEEXOO,1
XEEEEOEEX,0.527773
XOXXEOEXO,0.446158
OEEXOEEXX,0.565691
XOXXXOOXO,0.1
EXOXEEXEO,-1
OOXXEXEEE,0.8
XXEXOEOEE,-1
OOXEEEXEX,0.79974
XEEEEEXEO,0.676883
OXEXEEOXE,0.0980215
XEOOXEEXE,0.799361
EOOXXEEEX,-0.747497
OEEXOEXXE,-0.96
XEXXOEOEE,0.580487
OXXEEOXXO,-1
EOXEOEXEX,-0.64
XEEXOEOXE,-1
XEEXOEOEX,-1
XXEOEOXOX,-0.64
XEOEOXEEX,-0.739508
XEXEEEEEO,0.795498
OOXEEXEXE,0.730201
EOEEEXEXE,0.462686
XOOEXXEEE,0.798708
XXXEOXOOE,1
XOXEEXXOO,-1
XOOXXXOEE,1
EEXXEEEEO,0.461289
XEEEOXXOE,-0.205647
XEOXXXOOE,1
XOXXOXOEE,-1
EEXEXEEEO,0.379477
EEXEEXEEO,0.295361
EEXEEEXEO,0.444128
EEXOEOXXE,-0.352
EEXEEEEXO,0.474659
XXXOEEEEO,1
EOEXXOXOX,0.8
OEOXEEXXE,-0.56192
EOXXEXOEE,0.759018
XEXOXEEOE,0.8
EXXXOOXOE,0.387757
EXXOEXEEO,0.132509
OEXEXOEEX,0.295802
EXXOXOEOX,0.8
XOXEEXOEE,0.347237
XEXEEEOEE,0.755126
XOXEXOOXE,0.279551
EEXEXEOEE,0.510478
XEEEEXOOX,0.526407
EOXEEEEXE,0.475879
XOOEEXXOX,-0.352
OOEEXXEEX,-0.352
EEXEEEOXE,0.329169
EEEOXXEEE,0.494186
EEXEOEOXX,0.491102
EEEXEEXEO,0.758774
XOEEXOEXE,0.562145
OXXOEEXXO,-1
XEXEEXOOE,0.210176
XOOEOXXXE,0.8
EEEEXEOXE,0.233234
XOXOXEEOX,1
XEXEEEOOX,0.799972
XEOXOOEXX,-0.1216
EXXEXEOEO,0.291441
XOOEXOEXX,1
OOXEXXOXE,-1
XEEEEEOEX,0.746706
EEXEXEEOE,0.786013
EEXXXEOEO,-0.352
OEXOEXXEE,0.698886
EEXEXXOEO,-1
XXXOXEEOO,1
XOXEXOOEX,1
OXOEXXOXE,1
OOXXOXEXE,-1
XEOEXXEEO,0.439892
XEXOXXOEO,-1
XEXOEEEEE,0.454158
OXEEXOXOX,0.357897
XEXOXEOXO,0.489265
XEXOOXEEE,0.799919
XEOXOXXEO,1
OXXEXOOXE,1
EEXOEEEXE,0.501431
EEXOEEXXO,0.344239
XEXXEOXOO,1
OEXEXXOEE,-0.352
XEEXXOXOO,1
EEEOXEEXE,0.7437
OXXOEOEXX,-1
XXEOEEEXO,0.773607
XOXXOOOXX,0.1
EEXEXOEEE,0.625465
XOEEEEXOX,-1
XEEOXEEXO,0.549992
OXEEOEEXX,0.161421
XXOOOXXOX,0.1
XXEOEOXXO,-1
OEOEXXEXE,-1
EEXEEXEOE,0.594656
XOXXOEXEO,1
XOEEXEEOX,1
EEEOEXEEX,0.464091
EOXOOXXXE,0.550291
EEXEEEXOE,0.593459
XEXOEEXOE,0.524142
OXEXXXOOE,1
XXXEOEOOX,1
OEXXXEOOX,0.346711
XEXOEEEOX,0.8
EEXOOXOXX,1
EOEOXXOXX,-0.352
EEXOEEXEE,0.549152
EXEEOEXXO,-0.720381
EXOXXEEOE,0.334189
EEXEOEEEX,0.71742
EEEEEXXOE,0.537656
XOXEEEEEE,0.537388
XXXOOEXEO,1
EEXOXXXOO,1
XEOXXEOOX,1
XXEOXOOEX,1
EXXXEOEEO,0.762741
OEXOEEEXX,0.06272
EOXEEEEEX,0.619767
EEXOXXOOX,1
XOXXOEEEE,-0.7872
EOXXOEEXE,0.5312
EEEXEEEXO,0.423431
EOXXXOOEX,0.252663
XOOEXEEXE,0.510546
EOXXOEEEX,-1
XOXOOXEXE,0.364134
XOXEEEXEO,0.8
XXXOOXXOO,1
XEXEOXEEO,0.461071
XOEEXEXEO,0.501932
XOXXEEXOO,1
XOXOXXEOE,0.8
OEEXEOEXX,0.573917
OEXXXEEOE,0.8
XEXEOXEOE,0.328141
XOXOXEXOE,1
XOXEXEEOE,0.719992
OOXOXXXEE,1
XXEOXOEOX,1
XXXEEOXOO,1
XXOOEEEXE,-0.0495774
EXXEOEXOE,0.524626
OOXEXXEXO,0.8
XEXEXOXOO,1
OEXEEEXOX,0.8
EEOXOEEXX,-0.64
XEXEEEXOO,0.768
XEXOEEOEX,0.799997
OOXXXOEXE,0.313498
EEXEOXEOX,1
OEEXEXEXO,0.328141
OEXOXXXOE,1
OOXXEEXXO,-0.352
EEOXEXOEX,-0.96
EOOOEXXXX,1
XXXEOXEOO,1
EOEEXXXOE,0.532734
XEXXOXEOO,-1
OOXXXEEOX,0.8
EEXEEOEEX,0.422849
EXOEEOXXE,-0.64
XOXXEEOXO,0.08
XEEXEEXOO,1
OEXEXEEEE,0.784617
XEXXEOEEO,0.799999
OEXEEXEEE,0.129771
EEXEOEXOX,-0.96
EEEEEXEXO,0.404096
OEXEEEXEE,0.395308
OEXEEEEEX,0.479607
XOXXOEEXO,0.410331
XEXOXXEOO,-0.64
OEEXOXOXX,-1
OXXXXOEEO,0.8
XEXEXOOEE,0.766611
XEXOXOEEE,0.792782
EEEEXEXOE,0.630059
XEXOEOEXE,-0.64
OEOEXEXEX,-0.233107
XEXOOXXOE,-1
XEEOEOEXX,0.390472
OXXEEEXOE,0.638022
XEEOXXEEO,0.365262
OEXEEXXOE,0.662625
EXXXXOEOO,-0.64
XOXEEXEEO,-0.129098
OXXEXEXOO,1
OXXEEXXOO,-1
OEXEEXEXO,-0.27879
OEEXXOEXE,0.485741
OOEXEXOXX,-1
XOXEXOEEE,0.799541
XOXEOEEXE,0.329592
OXXXEEOEE,-0.0790973
OEXXEXOEE,0.8
OEXXEEOXE,0.271789
OEXXEEOEX,0.404246
EOXEEXXOE,-1
EEEEEEXOX,0.4286
OXXXXOOOX,0.1
EXOOXXEOX,0.601555
EOOEXEXEX,-1
OEEEXXEOX,0.8
XEEOXEOEX,1
XEEEEXOEE,0.433863
XEEEEOXXO,-0.672
EEEOEEXEX,0.520839
XEXXXOOEO,-1
EXEXOEEXO,-1
XEXEXOOXO,0.488985
EXEOEEOXX,-0.608
OOEEEXXEX,-1
OXXEEEEOX,0.36858
OOXXEEEXE,0.520508
OOXXEEEEX,0.777567
EOEEXXEEE,0.745824
OOXXXXEEO,1
XEEEEEEXO,0.418058
EEOEEXXEE,0.457645
XEXOEXOOX,1
OOXXXEXEO,1
OOXXXEEXO,0.8
EOXEEOXEX,0.689106
XEEXEEOXO,0.0944146
OEXXEXEEO,-0.1216
EEOEEEXEX,0.523966
OEEOEXEXX,-1
OEXXEEXEO,-0.14208
OXOXEEXOX,0.08
OEXXEEEXO,-0.672
XEXXEOEOE,0.8
XEEXEEEOE,0.317173
XEXEEOXOE,0.798999
EEXEEXOOX,1
XEXEOEXOE,-1
XXXEOEOEE,1
XEXEOEOXE,0.704391
XOEEXOEEX,1
XOXOXOOXX,1
XOXOXOEXE,0.8
OOXOXXXOX,1
XOXOXEEEE,0.785243
EEOEXEEEX,0.605643
XOXEOXEEE,-0.64
XOOEEXXXO,0.583734
OOXXEEXOX,-0.64
EEOEXEXXO,-0.186791
EOXEOXXEE,-0.352
OXOEEXXOX,0.08
EOXEOXEEX,1
OOXOXOXXX,1
XOEOEXXOX,-0.64
XEEOEXXEO,0.403572
EEEXEOXXO,-0.6976
OXXEOEOXX,-1
XOXEOXOEX,1
EXXXOEEOE,0.684208
OXEXOEXOX,0.08
EXEEOXXOE,0.335193
XOXXOEOEX,-1
XXXXOOOOX,1
OXXXEOEEE,0.364969
EXXEOEOXE,0.43749
EEXOOXXXO,-1
XOOEXXEXO,0.353703
OEXOEEXXE,0.479616
XOXOOXXXO,0.1
EOEXEOEXX,0.688661
XXEXXOEOO,-1
XEOOXXOXE,0.8
XEOEXEEEE,0.65952
XOEXOXOEX,-1
EOXXOXOXE,0.635654
XEOEEEXEE,0.780406
XEOEEEEXE,0.338975
XEOEEEEEX,0.529266
XOEEEXEXO,0.404029
XOXEOOXEX,-1
XOOXXEEEE,0.799998
XOOXXOXEE,1
EEEOEXXXO,0.35072
XOOXXOEXE,-0.64
OEXXXOEOX,0.631932
XEEXXOOXO,-1
EEXEXXEOO,0.06272
EEEXEXEEO,0.441323
EXOEOEXXE,0.196408
EEEEXXEEO,0.663775
XEOOXEXEE,0.494089
XEOXEXEEO,0.468408
XEEEXXEOO,-1
XEOEEXXEO,0.518146
XEOEEXEXO,0.376413
XXOXOXEEO,-1
XEEOOEEXX,-0.928
EOOXXXXOE,1
XEOXOXEXO,-1
XXOOOEXEX,-1
OEOEXXEEX,-0.92544
OXXOEEXEE,0.641049
OXEEOXEEX,0.396649
EOXXEXEEO,0.368491
EEXXOXOOX,1
EOXEXXEEO,0.676943
EOXEEXXEO,0.106534
EXEEXOOEX,0.73141
XXEOOXEOX,0.376231
OXXXOOOXX,0.1
EXOEXEEXO,1
EOXEEXEXO,0.3025
XEEXXEEOO,-0.64
XOXXEXOEO,-0.784
XXOOEEXEE,-0.0395758
XOXEXXOEO,-0.47296
XOXEEXOXO,0.08
XOXXOXOXO,0.1
OOXEXXEEE,0.796805
OOXEEXEEX,1
EEXEOOXXE,-0.56192
OOXXXXEOE,1
EEXXEEOOX,0.767632
EXXOOXEEE,0.469668
XEOEEEXXO,-1
EEXOOXXEE,0.708569
EOEEXEOXX,0.439412
EEXEXOOEX,0.506018
XEOEOXXEE,0.66807
XXXOOXEEO,1
XEXEOOOXX,-1
XXOEEOOXX,-1
EEOXOXXXO,-1
XEXOXEEEO,0.328469
XEOEOEEXX,-1
XEXOEXEEO,0.630797
EEEXOEEEX,0.300912
OXEOXXXOE,0.505939
XOEXEOXXO,1
XOXEOOXXE,-1
EEEEOXEEX,0.383886
EEEXXEEOE,0.799801
XEOEXXEOE,0.78795
XEOEXEEOX,1
XEEXOXOXO,-1
XOXXEOOXE,0.08
EXXOOXXOE,0.8
EOXEEEOXX,0.398104
XEEOEXEOX,0.741929
EOXEEXEOX,1
XEOOXOEXX,1
EXXOOEXEE,-0.3776
XEXEOOXOX,-1
OXXEOXEEE,-0.1216
XOOEEXEEX,0.264779
XXEEOEXOE,0.518133
OXXEOEXEE,-1
OXXEOEEXE,-0.96
XEOOEXXXO,0.08
OEEXXXXOO,1
OEEOEEXXX,1
XXOEOXXOE,0.234409
OXXEOEEEX,0.678501
EXXXEEEOO,-0.6144
EXEEXXOEO,-0.3776
OXXOOXEXE,-1
OXXOOXEEX,1
XEXEOEEOX,0.0758272
EEXXOEEOX,-0.033534
EEXOXOXEE,1
EOXXOOEXX,0.561484
XEXXOEOOX,-1
OXEXXEOOX,0.21318
OEOXXOXEX,-0.784
XEEXEXOOE,0.0354407
XEXEOXOOX,1
EOEXXXXOO,1
XEXXOXOOE,-1
XOXOEXEEE,0.642659
XXEXOXEOO,-1
EOXOXXEEE,0.8
XEEEOXEEE,0.364706
EOXOEXEXE,0.578358
XXXEOOXEO,1
EOOEEEXXX,1
EXXXOOXEO,-0.352
OEOXXEXXO,-1
XEEXOEXEO,1
XOXOEXXOE,-0.64
OEEOXXXOX,0.33354
EXOOXEOXX,1
EXXEOOXXO,-1
EEEEXXOXO,0.709256
XEOEOXEXE,-0.279308
EOXOOXEXX,1
XEXXOEEEO,0.799123
XXEXEOOXO,-0.64
EXOOOXXXE,0.391032
XEXEOEXEO,0.734277
OEXEXEXEO,1
OEXEEXXEO,0.422513
OEXEEEXXO,-0.384
XOXOXOEEX,1
XOEOXXEOX,1
XXXOOEEOX,1
EOXEXXOXO,0.245913
XEXOOEXOX,-1
OEXEEXOXE,-0.0653312
EOOXOXXXE,-1
EXEXEXOOE,-0.653033
XXXEEEEOO,1
EXXEEEXOO,0.669424
OEXXEOXEE,0.27967
OOXOEXEXX,1
OEXEXOXEE,1
OXEXOOEXX,0.384985
OEXEEOXEX,0.780365
XXEEOXEOE,0.622025
XEEXOXOOX,-1
OXXEOOXXE,-1
XOEEEOXEX,0.794152
EOXXXOXOE,1
OXXEOOXEX,-1
EXOOOXEXX,-0.352
EOXOXEXEE,1
EOXOEEXXE,0.8
XOXOEOXEX,-0.352
OEXXEOOXX,0.08
OEXXXEXOO,1
XEXEEEOXO,0.444739
OEXXOXOEX,1
EOXXEXOOX,1
XOOEOXXEX,-1
EEXXEEOXO,0.373562
XOOOEEXXX,1
XOEXOEXEE,1
EXXXOEOEE,0.503081
XXXXOEOOE,1
XEEEOEEEX,0.329543
XEXOXEXOO,1
EEXXOEOEX,0.645527
OXXEXXOEO,-1
OOXOXXXXO,1
EEEXEEXOE,0.545838
XEOXEOXOX,1
XOXXEEEOE,-0.3776
XEXOEOOXX,-0.352
XOEXXEEOE,0.8
XOEXEXEOE,0.046336
XOXXEEOEE,-0.0608837
XXXOEOOEX,1
EXXEXOEEO,0.537402
XEOOXXEEE,0.345816
EXXEEOXEO,0.626134
EEXOXOEEX,0.745796
OXEEXEOXE,1
XXEXEEEOO,-0.64
OOXEOXXXE,-0.64
XEXXEEEOO,-0.352
XEEEXEXOO,0.795703
OOXOXEEXX,-1
XOEXEOXEE,1
XEEXEXEOO,-0.352
OXOXXEEEE,0.755649
XXEXEOXOO,1
XEEXEEEEO,0.472846
EOXEXXOEE,0.541233
EOXEEXOXE,0.636841
OOEXXOXEX,-0.352
OXXXXOOEE,0.122461
OXXXEOOEX,0.08
OXOXEXEEE,0.412938
XOXEEEXOE,-0.1216
EXEOXEXOE,0.715214
XOXOXEOEX,1
XOEOXEXOX,1
XOEEXEXOE,0.79768
XOEEEXXOE,-0.64
XOEEOXXEE,0.124839
XOXOEEEXE,0.43079
XOXOEEEEX,0.732723
OXEEXXXOO,0.8
EOXOXXXEO,1
XOXXEEOOX,-1
XOXOXXOEE,0.483244
XEXOXEOOX,1
XOXOXEOXE,0.447384
OXOXEEEEX,0.527203
EXXXOOEEE,0.654217
XOOXXXEOE,1
XOXEXEOXO,0.08
OEEXEXEOX,0.8
EXXEOOEEX,-0.0121856
XEEEXEOXO,0.53145
OXXEXOXEO,1
XEEEEEXOE,0.748955
OOXEXOXEX,1
OXEEXOXXO,1
XEEEEEEOX,0.61619
XEXOXOOXE,0.8
EEEOXOXXE,0.749242
EEEEEXOXE,0.35582
EEEEEEOXX,0.33557
XOEXXXOEO,1
XEXEEXEOO,-0.85632
OEXEXXEEO,0.799986
XOXEEOXOX,-0.64
XOEXXOOEX,1
EOXXEXXOO,-1
OXXXEXOEO,-1
XEEOXOOXX,1
OEXXXXOEO,1
OEXXEXOXO,-1
XOOXXXEEO,1
XOXOEOEXX,-1
XEXXEEOEO,-0.352
XEXOOEOXX,-1
OEXXEXEOE,0.72735
OXEEOXEXE,-0.811811
XOXXXEEOO,0.328141
XOXEXXEOO,-1
OOXEXXOEX,1
OOXOXXEEX,1
XOXOEXXEO,0.13159
XOXOEEXXO,0.619059
OXEEXOEXE,1
EEOOEEXXX,1
XEXOXOXOE,1
XOXEEEOEX,0.8
XOXXXEOOE,-0.352
OXOXXXXOO,1
OOXXXEXOE,1
XEXOOXOEX,1
XOXXXOOOX,1
EOXOEXXXO,0.238691
XXOEXEXOO,-1
XXXOOEOEX,1
OEEXOXEXE,-0.789965
OXXXOEXOE,-1
OXXEOEXOX,0.404721
EOXOXEEXE,0.280567
XOXXEOXOE,1
EXOEEEXXO,-0.608
XXEOOEEEX,-1
OEOXXXEXO,1
XOXOXXEEO,0.256465
EEXXOXOEE,0.113504
OXEEOXOXX,-1
OXXOXOXXO,1
OXXOEOXXE,-1
OOXXEXXEO,-0.64
OOXXEXEXO,-1
XEOXOOXXE,1
EOEEEXXOX,0.210176
OXEOEEXEX,0.674138
XOOXEXOEX,-1
OEEOXEXEX,0.8
XEXXOEOXO,0.384549
OOXEXEXEE,1
EEOOXOXXX,1
OEEOEXXEX,0.756161
OXXOEOXEX,-1
OXEOXOXEX,0.8
OXEOEOXXX,1
OXXEOXOXE,-1
EEXEXEOOX,0.8
OXXXOOEXE,-1
XEXEEOXEO,0.632055
OXXXOXEOE,-0.352
XOXXXOOEE,0.326144
XOXXEOOEX,0.237662
EOXXXXOOE,1
XOEXXOOXE,0.146192
XXEOXOXEO,-0.352
XEOEXOEEX,1
EEXXOEOXE,0.39617
XEEOOXEXE,0.484691
XEEOXOXXO,-1
XXEOXEEEO,0.8
OXEEEEOXX,-0.14208
OXEXXOXOE,0.171617
OOXEEEXXE,0.8
EEOEXEXEE,0.419547
XOOXOEXXE,1
XXXXEOOEO,1
XEOXEEXEO,1
EEOEXXEXO,0.797251
XOEOOXEXX,0.8
OEEEXOXXE,0.732787
OXOOEEXXX,1
XOXOOXOXX,1
XEEOXEEEE,0.79692
XEEOEEEEX,0.554108
OEEEXOEXX,0.440057
XEEXOEEEE,0.725232
XXEEEEXOO,0.798986
XEEEEXXOO,0.691565
XEXOEXXOO,0.8
XOEXEEEEE,0.762821
XOEEXEEEE,0.654461
XOEEEXEEE,0.513545
OXXOXXXOO,1
XOEEEEEXE,0.476266
XOEEEEEEX,0.55192
EOOXXEXEE,-0.64
XOOXXEXEO,1
XOOXXEEXO,-0.64
XOEOXEXEE,0.799634
XOEOEXXEE,0.1413
XXOXEOOEX,-0.64
XOEOEEXXE,0.538241
EOEXXXOOX,1
XEEEXEEEO,0.377368
XXOEEEXOE,0.681513
XEOXEEXOE,1
XEOEEXXOE,0.473602
XEOEEEXOX,0.680722
XEEOEOXXE,-0.787456
OEXXOXEEE,-1
OOXOXEXEX,1
OOXOEXXEX,1
EXOXXXOOE,1
OOXOEEXXX,1
EXOOEXEEX,-0.020308
OOEXEXEXE,-0.64
XEEOXOEEX,1
XXOOXOOXX,1
EEXXEEXOO,0.691213
XXOOEOEXX,-0.64
OOEEXEXXE,-1
XEOXOXEEE,-0.64
XOEXEOEXE,0.514653
XOEEEOXXE,0.649065
XOXEOEXEE,-0.699904
XEOXEOOXX,0.328141
OEEXXEXOE,0.682929
XOEEOEXXE,0.8
XEEXEOXEO,1
XEEXEOEXO,-0.352
EXOXEXXOO,0.8
OXXXEEEOE,0.336369
EOOXXEXXO,-1
OXXEEXEOE,0.0264839
OEXXXOXOE,1
OEEEXEXEE,0.600236
OXEXEEOEX,0.426885
XEOOEEXXE,0.290025
OEEEEXXEE,0.369986
EEOEEOXXX,1
EEXOXOOXX,-1
XOEOXEOXX,1
OEEXXEEOX,0.452843
OEEEEEXXE,0.363881
XOXEEOXXO,0.8
XOEEXOXXO,-1
XOOEEXXEE,0.645848
XOOEEEXXE,0.8
XXXOEEOXO,1
EXOEEOXEX,0.417396
XOXEOXXEO,-0.784
EEOXXXOEE,1
XOXEOEXXO,0.167827
EOEXEEEXE,0.474349
EXOEEEXOX,0.24736
EOEEXEEXE,0.487338
EOXEXEOXE,0.167571
XOEEOEEXX,0.652719
OOXEXXXEO,1
XEOOEEXEX,0.8
XXXXOEEOO,1
EXXXEEOOE,-0.352
XXXXOOOEE,1
EEXXEXOOE,0.328141
XEEXOXXOO,1
EEEEOXEXE,0.359345
XEOEOEXXE,0.799454
XXOOOXEXE,-0.784
XXOOOXXXO,0.1
OOXXEOXXE,0.8
EEXOEXOEX,1
XXEOEXEEO,0.607708
OXOOEXXEX,0.404282
EOEOXXEEX,0.681217
XEEEOXXEO,0.722129
XXOXOEXEO,1
XXOEOXXEO,0.646854
EXEXOOXEE,0.616384
OEEXOEXEX,0.375491
OEXEOXEEX,1
EOXOXOEXX,0.8
EXEEOOXXE,-0.1216
EOEXXEEEE,0.480233
EXEEOOXEX,-1
OEXXEXOOX,1
EOEEEXEEX,0.54285
OEEXXOEEX,0.347229
EOEEXOXXE,0.631042
XOXEOEEEX,-1
EEOXEOXEX,0.758305
XOXOOEXEX,-1
XXEEXOXOO,-1
XEOXOEXEE,1
XEOEOEXEX,0.728208
XOEEXOOXX,1
XXEOOXXEO,0.232907
XOXOEXOXE,0.42806
XOXOEEOXX,0.8
XXOOXEXEO,-0.6112
XEOOXXXEO,0.08
EEEXOXEEE,0.0900282
EEOXOXEEX,-0.751938
OXEEXOEEX,0.58502
OEXXOEXEE,-0.819456
EXEOEEXXO,0.0603372
XEEEOOXEX,-1
XXEEOOXOX,-1
XXOEXOOXE,1
XOXOOXXEE,-1
EXXEXOEOE,0.571914
XEEOXOEXE,0.716012
EEEEXEEXO,0.749573
EEXEOEXXO,-1
EOXEXXOOX,1
XOXEOXEXO,0.08
EOXEOXXXO,-1
XEEXOEEXO,0.550482
XXOXXOEOE,-0.352
XOEXOEEEX,-0.25728
XOEEOXEEX,-0.96
XOXEOEOXX,0.470675
XXEOEEXEO,0.530503
XXOXXEOEO,-1
EXEXOOEEX,0.270986
XEOXOEEEX,0.328141
EEXEXXOOE,-1
EOXEEOEXX,0.661127
XEEEXXOOE,0.06272
OXEEEOEXX,0.43899
XXXOEXOOE,1
EXXOOXOEX,1
XXEOEXOOX,0.799982
EOXXOOXEX,-0.64
XOEEXOXEE,0.79694
EOXEOEXXE,0.349748
EEOXXXEEO,1
OXOOXEXXE,1
EOXEOEEXX,0.8
XOXOOEEXX,-1
OEXEOXXEE,-1
OEOEXEEXX,-0.1216
EOEOEEXXX,1
XXOEXOOEX,1
EEXOOEXEX,-1
EEXOOEEXX,-1
XEOOXEEEX,1
OEEXOXEEX,0.205756
EEXOOEXXE,-0.171643
XXOOXOXEE,-1
XEOOXOXXE,-1
XEOOXOXEX,1
XXOOXOXOX,1
XEEXEOEOX,0.588538
XOXOEEXOX,-0.352
XXEOEXOXO,0.8
XEEEOXOEX,0.06272
EXOOEEXEX,0.692655
XXEXOXOOE,-1
OEXOEXXXO,-0.352
XXXOXOOXO,1
EEOEXEEXE,0.404442
EEOEEXEXE,0.283141
OEEEXEXOX,0.31995
XEOOEOXXX,1
EEXEOOEXX,-1
XEOEEOEXX,0.7996
EXXOEXEOE,0.633411
XXEOOXEEE,0.480687
XEEOOXEEX,0.62131
XEOOEXEEX,0.688146
XXEOOXOXE,-0.64
XXOOEXOEX,-1
XOOXXEXOE,1
OEEXEXEEE,0.40588
XOOXEXEEE,0.73038
OEEEXXEEE,0.799707
OXXEXOEOX,0.157073
EXOEXOEEX,0.799673
OEEEEXEXE,0.417183
OXXXEOEOX,0.0796222
OEXOXXXEO,1
OEXOXXEXO,-0.1216
OEOEXOXXX,1
EEEOXEXEE,0.735938
EOXXXEOXO,0.128295
OOXEXEEEX,0.8
XXEOOXEXO,0.416365
OEXEOEEXX,0.8
OOXEEEEXX,0.690042
OOXXOEXEX,-0.1216
OOXEOXXEX,1
OOXEOEXXX,1
XEEXXOEOE,0.592383
XOEEXXEOE,0.686923
OXEOXXEOX,-1
XEEXEOXOE,1
EXXOOXXEO,-1
OXOEXOXXE,1
XXOXEEEOE,0.139281
XEOXEXEOE,0.547028
XEOXXXEOO,1
XEOXXEXOO,1
EEXOXXOEE,-1
EOXXOEOXX,0.34048
EXXEXOOEE,0.451343
EEXEXOOXE,0.407347
XOOXEEXXO,1
OXOOXXXEE,0.224219
OOXEXXXOE,1
OEOXEXEEX,-0.437546
OXOEXEXXO,1
XXOXEOEOX,0.8
XXOEXOEOX,1
XXOXEXOOE,-1
OEEXEEEXE,0.458258
OXOXEEEXE,0.480833
OXOEXEEXE,1
OXOEEXEXE,0.414305
OXOEEEXXE,0.45521
EEXXOOXEE,0.657286
OXOEEEEXX,0.414388
OXOXXEEXO,1
OXOXOXXEE,-1
OXOXEXEXO,-0.352
OOXXXOEEX,0.376136
EEEXXEEEO,0.41473
XXEXOEXOO,1
EEOEOXXEX,0.477218
EXXXOEXOO,-1
XOEXEXOXO,0.284923
XOEXOEXXO,1
EXEXOEXEO,-0.64
XEEXXEOOE,-0.64
OXOEXOXEX,0.31166
XEEXEEOOX,0.401701
OOXXXEOXE,0.497938
XEOXOXXOE,1
XEOEOXXOX,-0.47296
EOOXOXEXX,-1
OXXXEEOXO,-1
OEEXXEEEE,0.44435
OEEXEEEEX,0.457145
OXOXEXXEO,-1
EOOXXOXEX,0.328141
OXOXEEXEE,-0.125432
OEXEOEXXE,-0.64
OEXEOEXEX,0.773606
EXXXEEOEO,-0.96
OXEEXXEOE,0.195397
EXEOEXOXE,0.422513
EXOOXEEEX,0.750077
OXXEOOEXX,-0.47296
OOXOOXXXX,1
EEOEOXXXE,0.381465
XEEOXEEOX,1
XEEOEEXOX,0.620809
XXXOEEOOX,1
EEXOXXEEO,0.0600533
XOEXXXOOE,1
EEXOXEEXO,0.8
OEOXEEEXX,-0.4672
XXXOXOEEO,1
XEXOXOXEO,1
XEXOXOEXO,0.8
XXOOXEXOE,0.673906
EXOXOXXOE,0.309623
EEEEOXXXO,-0.49113
XXOOEXXOE,0.0799894
XXOXOOEEX,-0.64
XOEXOEOXX,-1
EOXXEEEXO,0.405045
EXEEOXOXE,-0.841943
XXOEOOXEX,-1
XOOOEXXXE,0.213654
XOEXOXXEO,1
XOOOXXXOX,1
EXOEOXEXE,-0.643315
EXOEOEEXX,-1
XXOXEEOOX,-1
OXEOXEEXE,1
XXXOEXOEO,1
OXXEXEOEE,-0.1216
XXEEEXOEO,0.325381
XXEEOEEOX,0.773756
OXXXOXOOX,1
XEEEXXOEO,-1
XEEXOEEOX,-0.39808
XEEEOXEOX,-1
XEEEOEXOX,-1
XXXEOEOXO,1
XXXEOOEXO,1
EXOOEXXEE,0.380905
XXEEOOXXO,-1
OXOEEXEEX,0.064504
OEXXEOEEX,0.251858
OXOEEEXEX,0.649046
XXOXEOOXE,-1
OXOXOEXEX,0.442224
OXOXOEEXX,-0.64
OXEXEXEOE,0.353235
XOOXEXXOE,1
EXXEEXOEO,-1
XOOEXXXOE,0.8
XOEXXOXOE,1
XXEXOEEOE,0.479868
OEXXEOXXO,-1
XOXEOOEXX,-1
EXXOXXEOO,-0.64
XXEEXEOEO,-0.64
XEXOOXOXE,0.8
EEEXXXOEO,1
XXEEOEOEX,-1
XOEOEEEXX,0.8
OEEXXEEXO,0.756343
OXEXEXOXO,0.06272
XOOEEOXXX,1
XOEXEOEEX,0.79628
XEEXOXEEO,0.534326
OEOXXEXEE,-0.64
EXEEEOOXX,0.567497
XEEXOEXOE,1
XXXOOEXOE,1
EXEXOEOXE,-1
OXXOOEXXE,-1
OXXOOEXEX,-1
EXEOXOXXO,1
XOXEEEEXO,0.341603
XOEEXEEXO,0.331713
OXEXEEEOX,0.256042
EXXEOXOOX,1
XOEOXEXXO,0.173769
XOEOEXXXO,0.0799676
XEEOXXEOE,0.593491
EEOXXEOEX,0.76796
OOEXOXXXE,-1
EEOXEEOXX,-0.8704
XEOXEXOOX,-0.352
OOXXXOXXO,1
EEXEOXOXE,0.47532
EXEXXEEOO,-0.64
EXEXEEXOO,0.645601
OEOXXXEEE,1
OEXOXEXXO,1
OEOXXEEEX,0.242141
EEXXEXOEO,-0.688318
XEOEOXXXO,0.257862
XOEOXEEEX,1
OEXEEEOXX,-0.352
XXOOXXEOE,0.102479
XEOOXXEOX,1
XOOEXEXXO,-1
XOOOXEXXE,0.757074
XOOOXOXXX,1
XOOXEXEOX,-0.64
EXOXXOEEE,-1
EEOXXOEEX,0.720619
OXEEEXEXO,-1
XEXXEOOXO,0.403236
XOXOEXOEX,1
EEOXOEXEX,0.798423
XEOXOXEOX,-1
XXXOXOXOO,1
EEXXXOEEO,0.699178
XXOOXOEXE,1
XEOEEEOXX,-0.64
XXOOOXEEX,-1
XXXXOEOEO,1
EXOEOXEEX,-1
XXEXOEOXO,-1
OOEXXXEEE,1
XEXOEOXXO,-1
EOOEXXXEE,0.174131
OOEEXXXEE,-0.0921088
OOEEXXEXE,-1
XXEOOEEXE,-1
XEOXXEEEO,-1
OEXEXXOOX,1
XEOXEEEXO,-0.260045
EXOXOXEXO,-1
XXOEEEEOX,0.581144
EXOXOEXXO,-1
XEOEEXEOX,0.44325
XOOXOXXEE,1
XOEOOEXXX,1
XOXOEXEOX,1
XOXEEXOOX,1
XOEOXXXOE,0.8
XEEEOXOXE,-0.38494
XEOOOXXXE,0.372151
XOOEEXEXE,0.491492
OXEXEOEEX,0.335669
EOXOXEEEX,0.799704
EOXOEXOXX,1
XXXOEOXEO,1
XOEOXXXEO,0.340958
EOEXEXXOE,-1
OEEEXEEEX,0.492113
OXXEEEOEX,-1
EEOXXEEOX,0.781761
EOEXXXEEO,1
OXEEXEOEX,-0.64
OXXEXEOOX,-0.784
XEXEXOOOX,1
XEEXXEOEO,-1
XXEXXOOEO,-1
EOEXOEEXX,0.514849
OXOOXXXXO,1
OXEEEXXOE,0.291212
OOEXEEEXX,-1
OXEEEXEOX,0.341944
XOEEEXEOX,0.534466
XOXOOXEEX,1
XEXXOOOXE,0.331724
OXXEXEOXO,1
EOXOXXEXO,0.152444
XOOEEEEXX,0.702838
XOEOOXXEX,0.06272
EEXXOOEXE,0.362574
XXXOEOEOX,1
XOOXXEOXE,0.8
XEEEXEOOX,1
OEXEEXOEX,1
OEXXOXOXE,-1
XEEEOXEXO,0.385348
OXEEXXOXO,1
XXEOEXXOO,0.355402
XEEOXXXOO,0.41346
EXXEEOEOX,0.551895
EEOEXXXEO,0.516302
EEEOOEXXX,1
XXXEOOXOE,1
OXXOXOXOX,1
XXOOEEXXO,-1
XXXEEOOOX,1
XXEEXOOOX,1
XOEEXXXOO,0.8
XEEEXOXOE,0.8
XOEXOXEEE,-0.018176
XOXXEXEOO,-1
OXOEXXEEE,0.797983
EXEOEXXOE,0.438524
OXOEEXXEE,0.54565
XOOEXXXEO,0.437017
EEXEOXXEO,-0.41068
XXEOXXEOO,-0.47296
OXEOEEXXE,0.782168
OEXEEXEOX,1
OEXXXXOOE,1
OEXOEXEEX,1
EOOEEXXEX,-0.352
OXXEEXOXO,-1
OOXXXXOXO,1
OEXOEXEXE,-0.352
EXOOEXXXO,0.516902
OOXXXXOEE,1
OEXOOXXXE,-0.64
XEOXEXOXO,-1
EEEXOOEXX,0.549912
OEEXXXOEE,1
OEEXXEOXE,0.776559
OEEXXEOEX,0.325017
XXOOEEEEX,0.587873
OEXXOEEEX,0.530373
XEOOEEEXX,0.761695
OEEXEXXEO,0.210176
XXOOXEEOX,1
XEOOEXXOX,0.219037
EOOEXXEXE,-0.734235
EOOEXXEEX,-0.384
EXEOXEXEO,0.784295
EXEOXOXEE,0.799313
OXXEXOEEE,0.8
OEXXXOEEE,0.665125
OEXEXOEXE,0.735526
OXXEXOEXO,1
XEEOXOXEE,0.77655
XXXOXOOEE,1
EXOOXXEEE,0.352777
EXOOEXEXE,0.284706
EXOEOXXEE,0.34499
OXXOEEEEX,-0.608
OXEOXEEEX,-0.233524
EXEEOXEOX,0.443318
OXEOEXEEX,-0.73493
OEOEEXEXX,-0.352
OXEOEEEXX,-0.64
OXXOXEEOX,-1
EXOXEXOOX,-0.352
OXXOEXEOX,1
OXXOEEXOX,0.8
XEEXOXEOE,-0.96
XEXXOXOEO,-1
OXEEXEXOE,0.690265
OXEEEEXOX,0.234696
OXOXXEXOE,0.456743
OXOXEXXOE,0.394075
EXEOXEEOX,0.430636
EOXEXEEXO,0.403933
OEEXOXXEE,-0.9024
EEOEXOEXX,0.783616
XXEEOXOOX,-1
EEXOEXEXO,0.17122
XXXOEXEOO,1
EEXOEXXOE,0.78815
EEXOEXEOX,1
EEXEXOXEO,1
EXXXOOOXE,0.200402
EEXEXOEXO,0.712273
OEXXEEEOX,0.478977
OEXEXEEOX,0.401631
OEEXEOXEX,0.695949
XOOXEEXOX,1
XOEEOXEXE,0.460623
EEXXXEEOO,0.06272
EEXEXEXOO,1
OXXEXXEOO,-1
OOXEXXEOX,1
XEXXOOXEO,1
XEEEXOEOX,1
EEEEXXOEE,0.790956
EXEXXOOEE,0.363277
EXEOEOEXX,0.254577
EXEEXOOXE,1
OEXOXOEXX,-1
OXXXXOEOE,0.260678
OXXEEOEEX,0.0979975
OXEXXOEOX,0.08
OXEXXOEEE,0.501639
EXXEOXXOO,-1
EXOEXXOEE,0.79944
EXOEXEOXE,1
EXOEXEOEX,0.799947
EXXOXOOEX,-1
EXXOEOOXX,-1
OXXOXEEEE,0.328141
EXXOEEOEX,0.210176
XXEOXOXOE,0.8
EEXXOXEEO,-0.842107
OEEXEXOEX,0.8
OOXXXEOEX,0.188339
EEOXXEXOE,0.645738
EXEEOOEXX,-0.200322
EXOXOOXXE,-1
OXEEXEXEO,0.783599
OEXOEXXOX,1
EEEXEXXOO,0.372712
OXXEEOEXE,0.0273158
OXEXOEOXX,-1
OXEXEOEXE,0.279604
XOEXOEEXE,0.68465
XOEXXEXOO,1
EOXOXOXEX,1
EOXXEEXEO,0.221168
OOXEXEEXE,0.723949
XOOEXOXEX,1
OXEEXEEOX,0.144574
EEEXOEOXX,-0.401872
OEOXXXEOX,1
EOXXXOEOX,0.8
XOEEOXXXO,0.466641
OXEXXOEXO,1
OXEXEOXXO,-1
OOEXXEXEE,0.328141
EXXEOOXOX,-1
XOOEXXOXE,0.8
EOEXXXOEE,1
XEEOEXOEX,0.730722
XOOEEXOXX,-0.64
XEOOEXEXE,0.415177
XOEXXEEEO,0.650564
XEOOXXEXO,0.163188
EXXOXEEOE,0.680018
XOOXXXOXO,1
EXEXEOXEO,-1
EOEOEXEXX,0.799479
EXXXEOXOO,0.799994
EOEXXEEOX,0.781906
XOOXEEEEX,0.74631
XOOXEEOXX,-0.352
XOOEXEOXX,1
OXOXXOEEX,0.566545
XOOOXEXEX,1
OXOXEOXEX,0.495809
OXOXXOXOX,0.1
EXXOEXOEE,0.29321
XEOXOEXXO,1
XEXXXOOOE,-1
XOOXOXXXO,1
XEOOXXOEX,1
XXOOXXOOX,1
OXEXEEXEO,-0.672
OXEEEXXEO,-0.4096
OXEXXXEOO,1
OXOXXEXEO,-1
XOEEEEOXX,0.354658
EOOXEXXOX,-1
EEOEXOXXE,0.210176
XOEXEXOOX,-1
OEOXXXOXE,1
EEOXOXXEE,0.221893
XEEEXOEXO,-1
OEOXEEXEX,-1
XXEXOOOEX,-0.64
XOEXXOXEO,1
OOXXEOXEX,0.8
OEEXXXEEO,1
XOOXXOOXX,1
XOOXEEEXE,0.725885
EXXOEEXOE,0.584714
EXEXXEOEO,-0.352
OOXEXOEXX,0.393812
OOEXXOEXX,-0.6112
OOEEXOXXX,1
EOEXEOXXE,0.796839
XOOXEOEXX,0.79974
EXXOOEXOX,-0.64
XXXXOOOXO,1
EOEXXXEOE,1
EEOXEEXXO,-0.96
EOEEXXEOX,0.542064
EEEOOXXEX,0.710943
XXEXOOOXE,-0.64
EOXOXOXXE,1
EOXEEOXXE,0.8
XEEEXOOEX,1
OXOXXOXEE,-1
EEEOXXXEO,0.580418
OXOXXOEXE,1
EEEOXEXXO,0.787547
XXXXOOEEO,1
OOXXEOEXX,0.485951
OXEXEXEEO,-0.64
OOEEXXXXO,-1
EEXEXOEOX,0.780625
EXEOXEEXO,1
EEEXXOEOX,0.442686
OOXXOEEXX,0.8
XOOEXEXOX,1
EEEXOXXOE,-1
XEOOOEXXX,1
XOEEXEOEX,1
XEOXEXXOO,1
XOXXEEEEO,0.273177
XOEXXEOXO,0.519758
OEXEXXXOO,1
EXEEOXEXO,-0.607334
XXEEOXOXO,-0.64
XOEEOOXXX,1
OXOEXOEXX,1
OEOXXOEXX,0.06272
EOXXEEOEX,0.533779
OEEXXXOOX,1
EOXEXEOEX,0.8
EEEEXOOXX,0.5019
XOOOXXEXE,0.586022
OEXXOXXOE,-1
OEXXOXEOX,1
EOXEXOEEX,0.753257
OOEOXXXXE,-0.352
OOXXOOXXX,1
EOXXEOXOX,-0.64
OOXXXOXOX,1
EXOXEXOXO,-1
OXXXOEEOX,0.30273
OXEXOXEOX,0.31077
OXEXOXOEX,-0.64
XXOEOXEOX,-1
EEEEOXOXX,-0.352
EOEXXOEEX,0.68811
EOEEXOEXX,0.8
XOOOXXEEX,1
EOXEEEXOX,-0.352
OOEXXEEXE,0.0322924
OOEEXEEXX,-0.92544
EEOXEEXOX,0.407519
XEEXOOOXX,-1
EXEXXOOOX,0.370336
OOEXXXEOX,1
OOEXXEXOX,-1
XOOEXXEOX,1
XOEXEXOEE,0.196048
XOEXEEOEX,0.624596
EXXXXOOEO,-1
XOEOXXOXE,0.295103
XOEOEXOXX,0.8
XOOEXOXXE,0.210176
XEOOXEOXX,1
XOEXOXOXE,-1
XXXEOOOXE,1
XXOOEEOXX,-1
XOEXXEOOX,1
EXEXOEOEX,-0.4096
XOXEXEEEO,0.213186
XEOEXEOEX,1
XOEOXOXXE,0.8
XXOOEOXXE,-1
XOOXOEXEX,1
XOOXOEEXX,-1
EOEXEXXEO,0.718854
EOEEEXXXO,-0.0562065
EXEXOXEEO,-0.809961
EEEXOXXEO,-0.352
XOEEXXOOX,1
EEXOXEXOE,1
EEXOEEXOX,0.631645
XOEEEXOXE,0.361547
XOEEEXOEX,0.651118
OOEXXEEEX,-1
OEEXEOXXE,0.194309
OOEXEXEEX,-1
OOEXEEXEX,-0.64
OOXXXOOXX,0.1
OOXXXXOOX,1
EOOXEXXEE,0.210176
EXEOOXEXE,0.0570736
EEEOOXXXE,0.645806
EEEXXOXEO,-1
OEXEXXOXO,-1
EEOXEXXOE,0.470593
EXXOXXOEO,-1
EEEEXXXOO,0.79901
XEOEXXOXO,0.8
OXOEXEXEE,0.576276
OXOOXEXEX,0.571065
EXEOOXEEX,0.713448
EEXEOOXEX,-1
EXXXEOOEE,0.422527
EXEXEOOEX,0.270643
XOEEOXOXX,0.06272
EEOXXEOXE,0.799746
EEEXXEOXO,0.695997
OXXOOXXOX,1
EXXOXOOXE,1
XOEXXXEOO,1
EOEXEXOEX,0.463561
OEEOXEEXX,0.06272
EOXXOXOEX,1
EXOXOXEOX,-1
OXOXEOXXE,0.06272
EXOXOEXOX,0.63804
XOEOXXOEX,1
EOEEOXEXX,0.58417
OXEOXEXEE,0.775807
EXEOEXEXO,0.447611
EXEOXOEEX,0.787106
EXEOXOXOX,0.8
XOEXOOXXE,1
OOEXEEXXE,-1
OOXXOEXXE,-1
OEEXXOXEE,0.229163
EXXXOEOOX,0.8
EXXXOXEOO,-1
OXOXOOXXX,1
EEXEXOXOE,1
EOEOXXEXE,0.197176
XOEXEXXOO,1
EEEOXOXEX,0.783361
EXEOXOOXX,1
OXEXXOXEO,-0.352
EOXXEEEOX,-1
OXEEXXEEO,0.756471
XXEXOOEXO,-0.352
OXOXXOOXX,1
OXOXOEXXE,-0.352
OEEXXXEOE,1
OXOXXXOOX,1
XOXEXOEXO,0.709659
EXEEOXOEX,-1
XOOXEXXEO,1
XOOXEXEXO,0.8
EOXXXOEXO,0.419637
OXXEEEOXE,0.126264
OXXEEOOXX,-0.784
EOXEXEXOE,1
EOEXXEXOE,0.715623
EOEEXEXOX,0.586192
XXOOEXOXE,-0.352
OXEXXEXOO,0.8
EEEXOOXEX,0.723896
EEEEOOXXX,1
EXOXOOXEX,0.8
EXOEOOXXX,1
OEEEXXXEO,0.794326
OXEXEOXOX,0.0777482
XEOOEXOXX,-1
EEXOXEOXE,-0.728418
EEXOXEOEX,-0.352
EXEOOEXXE,-1
EXEOOEXEX,-1
EEOEEXOXX,-0.761856
EXXOOEXXO,-1
XXXEOXOEO,1
XOOEXXOEX,1
EEXXEOOXE,0.402208
XOEOXXEXO,0.08
EXEEOXXEO,-0.467919
EXEXOOEXE,-0.0231497
EXXXOOEXO,-0.64
XEEOXXOOX,1
XOEOEOXXX,1
OEEXEEOXX,-0.144063
OEXXOEXOX,-1
OEXXXXEOO,1
OXXXOOEEX,0.08
OXXOEEEXE,-0.25728
OEXOXEEXE,-1
OEOXEXXEE,-1
EEOXEXOXE,-1
EXXXOXOOE,-1
EXXOEEOXE,-0.96
EEXOEEOXX,-1
EEOXXOOXX,0.8
EXEXOOOXX,-0.784
EOXXEOOXX,0.0798453
XXXOOXOOX,1
OEEEXOXEX,0.8
EOXXXEOEE,0.594973
OEOEXXXEE,0.06272
OEOXXXOEX,1
OEOEEXXXE,-0.608
OEOEEXXEX,-0.64
OEXXXOXEO,1
OEXOOEXXX,1
EXOOXXXOE,0.08
EEOOXXXOX,0.232131
EOEEXXEXO,0.713835
EEOOXXXEE,0.115405
EEXXEXEOO,-1
EEOEXXOEX,0.624448
EXEOOEEXX,-0.6464
OXEOOXEXX,-0.352
OOEXXXEXO,1
OEOXEXOXX,-1
OEEEXXEXO,0.799112
XEEXOOXOX,1
OXXOXEXOE,1
OXEOEXXOX,0.696394
EXOOXOEXX,1
EXOOEOXXX,1
EOXXXEEOE,0.787324
EOEXOXEEX,-0.108848
OXEOXXXEO,0.8
EOEXOEXEX,-0.64
XOEXXOEXO,-0.6112
OXEXXOOEX,0.300553
OXEXEOOXX,0.383622
EOOXXXOEX,1
EOEXXOXEE,0.798732
EOOXEXOXX,-1
OOXXEXOXE,0.8
EXXEOXOXO,-1
EEXXOXOXO,-1
OOEXXXOEX,1
EEXXEOXEO,0.447194
EEXEEOXXO,-0.0372574
OXXEOXEOX,1
OXEOXEXOX,0.170417
OEXXOEEXE,-0.672
EXOXEOXEE,-0.64
OOEEXEXEX,-1
EEXEEOXOX,0.0330866
OEXOXEEEX,-1
OXEXOOXEX,0.40544
XOEXOOXEX,1
XEEOXXOXO,0.321716
XXEEOOOXX,-1
XEEXOOXXO,1
EOOXXEOXX,-1
EOXEXEXEO,1
EOOXEEEXX,-0.0218624
OXEOXXEEE,-0.63744
EOOEXEEXX,-0.352
EEEXEXOXO,0.411602
EEEXOEXXO,-1
EOXXEOXXO,0.8
EOEXXOXXO,-1
OXOOXXEXE,1
EXXOXXOOE,-1
EXXOOEOXX,-1
EEOXEXEXO,-0.0196702
EEXOXEEOX,0.759405
EOXXEEXOE,-1
EOEXXXOXO,1
EOEXEEXOX,-0.64
XOEEXXOXO,0.122275
OEXXXOEXO,0.8
XEEOXOXOX,1
OXEXXEEEO,0.792091
OXXEXXOOE,-1
OOXEXEXOX,1
OOEEXXXOX,-0.64
XEEOOXOXX,-1
OEEOXXXEE,0.582609
OEEOXEXXE,0.799894
EOEXEXEOX,-0.352
OOXOEXXXE,0.799792
OEEEXXOEX,0.317655
OEEEEXOXX,-0.96
OXOXEXOEX,-1
OXOXEEOXX,-1
EXXOEXOXO,-0.352
EXEOXXOXO,1
OEOEEEXXX,1
OXOEOXXEX,0.516287
OXOEOEXXX,1
EXXEEEOOX,0.467522
EXXEEOXOE,0.799977
EEXXEOEXO,0.639193
EXEXOEXOE,0.290525
EOXEOXOXX,1
EXEXOEEOX,0.562184
EXEEOEXOX,0.283908
OOXEEOXXX,1
OEOEXXXOX,-0.784
EXOEEEOXX,0.06272
OEXEOXXOX,1
EOEEXXOEX,0.599653
EXXEEOOXE,0.68903
EOEXEEOXX,0.228675
EOXXXXEOO,1
EOXEXXXOO,1
EXOEXEEOX,0.35285
EEOEXXEOX,0.633947
EEOEXEXOX,0.626925
EOEXXEOEX,0.791948
EEXXEOXOE,0.767997
EEOOXEXEX,0.8
OEXOOXEXX,1
EEOOEXXEX,0.31834
OEEXXOOXX,0.144615
OXOXXEEOX,0.208834
OEOXXEXOX,-0.362368
OEXOXEXOX,1
OOXEEXOXX,1
EXEXOXOOX,-1
EXEOEOXEX,-0.64
EEXOEOXEX,-1
EXOEOXXOX,0.08
EEEOEOXXX,1
OEXXXOOEX,0.08
OOXEXEOXX,-1
EXOOXOXXE,1
EEEOXXEOX,0.8
EEEOXEXOX,0.792471
OOEEEXEXX,-0.1216
EOEEOXXEX,-1
EEEXOXEOX,-0.3264
XOOXOXEXE,-0.64
EEOOXXXXO,0.158531
OEEEXEXXO,0.590039
OXOEXXXEO,0.8
EXOXEOXOX,0.593021
OXEOOXXEX,0.8
EEOXXEXEO,-0.352
OXEXXOOXE,1
EEOXEXXEO,0.7967
OXOEXEXOX,0.08
EEEXXXEOO,1
EEEXOEXOX,-0.64
OXEEOOXXX,1
EEXOXXOXO,-0.784
EXOEEXOEX,-0.64158
EXOXXOOEX,0.8
EXOXEOOXX,-1
EEEOXEOXX,-0.64
OXOOOXXXX,1
OXOEOXXXE,-0.64
OEOXOXXEX,-1
OEOXOXEXX,-1
OEXEXOOXX,-1
OEXEXEOXE,-0.352
OEEEXXOXE,-0.1216
OEEEXEOXX,0.06272
EOEEOEXXX,1
EOXEXOXEE,1
OXOXOXEXE,-1
OXOEOXEXX,-1
EXOXXOOXE,1
OXOEEOXXX,1
EXEXOXOEE,-0.761856
EXXXOXOEO,-1
EXEXOXOXO,-1
OOXXEEOXX,0.495529
EXXXOOOEX,0.132263
EXEOXXEOE,-0.00215382
OXEEOXXEE,-0.710025
EEOXOXXOX,-1
OOEOEXXXX,1
EXOOXEXEE,0.583261
EEOOXXEEX,0.276361
EEOOEXEXX,0.418707
EEOXOEXXE,0.222686
OXXOXOEXE,1
OEOOXXEXX,-1
EOEOXEXXE,0.8
EOEOXEEXX,0.642297
OEXXOOXEX,0.341754
OEXEOOXXX,1
EXEEXOXEO,0.474522
EXEEXOEXO,1
EEEXXXOOE,1
EEEXEXOOX,0.683453
EXOOEEXXE,0.795807
EXXOEOXEE,-0.1216
EEOOOXXXX,1
EXXOEOEEX,-0.6144
OEEOXOXXX,1
EXEEXOXOE,0.697352
OXEOXEXXO,1
EXXOXOXEO,1
EXXOXOEXO,1
OXEEXXOOX,-1
OXEEOEXEX,0.465677
EXEOEOXXE,-0.352
EEOOXEEXX,0.8
OEEEOXXEX,0.692317
OEEEOXEXX,0.799874
OEEOXXEEX,-1
EOEXEXOXE,0.647295
OOEOXEXXX,1
OXEXOXXOE,-0.6112
OEEXOXXOX,-1
OEOEXXXXO,-1
OXEOOEXXX,1
EOOEEXXXE,0.180411
EOOEEXEXX,-0.56192
EXXOXOXOE,1
EXEXOOXOX,0.35076
OXOOXXEEX,-0.784
EXEOXOEXE,1
EEXXXOXOO,1
OEEEEXXOX,0.418443
OXOXEXEOX,0.474588
OXOEXXEOX,0.190757
EEOEOXEXX,-0.1216
EOOXOXXEX,-1
OXEOOXXXE,-1
OEOXXXXEO,1
EEEEXOXXO,-0.9024
EEOXOXEXE,-1
EXXOEOXXO,-1
EXEXXOEOE,0.00248704
EEXXOEXEO,-1
OEXXOOXXE,-0.1216
EOEXXEEXO,0.362729
EOEXEEXXO,0.159531
OEOXOXXXE,-1
EOEXOXXEE,-0.260061
OEXXXEOXO,0.8
OEEXXOXXO,-1
EOOXOEXXX,1
EEEXXEOOX,0.795791
EXEOOXXOX,0.304712
EEXXOOXXO,-1
EEXOXOXXO,1
EXEXEOXOE,0.71532
OEXEEOEXX,0.505916
OEOXEXXXO,-1
EOXOEXXOX,1
EXEOXXXOO,0.47046
EXEEXEXOO,0.664359
EEXXOOOXX,0.08
EXXOOXOXE,-1
EXOOEEEXX,0.247434
EXXXOEOXO,-1
OEXXOOEXX,0.1359
OEEOOXXXX,1
OEOXEXEXE,-1
EEEXXOEXO,0.366747
EOEOOXXXX,1
EXOEEXXOE,0.356932
EEOEXXXOE,0.62148
OEXEXOXOX,1
OOXEOXEXX,1
OOXXOXOXX,1
EXOEXXEOE,0.758487
EXOEXEXOE,0.297223
EXOXXXEOO,1
EXOXXEXOO,-1
OEEEEOXXX,1
EXEEEXOOX,0.594224
XOOXOOXXX,1
OEOXOEXXX,1
EEEXEOXOX,0.679557
EXOEOEXEX,0.687728
OXOXXXEOE,1
OEOOXEXXX,1
OXOOXOXXX,1
OOEXOEXXX,1
EOEOXEXEX,0.695138
EOEOEXXEX,0.795507
EEEOXXOEX,-0.052224
EEEOEXOXX,-0.96
EXOEXXXOO,0.404439
OEOEOXXXX,1
EOOXEEXXE,-0.1216
EEOEXEOXX,0.8
EXEXEEOOX,0.603753
EEOXXEEXO,-1
EXEXOXEOE,-0.265868
OXOOEXXXE,0.8
OEOOXXXXE,-0.64
OEOOEXXXX,1
EXOXXOEOX,0.548176
EEOOXEXXE,0.611694
EEOOEXXXE,0.695376
EEEXXEXOO,0.798392
OEEXEXOXE,-0.158092
EEOXEXEOX,0.0409752
OXOEEXXXO,-1
EOXXOEXXO,-0.1216
EXEOEXEOX,0.514116
EXOEOXXXO,-1
EEEOXXXOE,0.622897
OEOXXOXXE,-1
OXOEEXOXX,-1
OXOOXEEXX,1
EEOXXOXOX,0.643057
EOXEXOXXO,1
EEEOXXOXE,-1
EOXXXEOOX,0.8
OEXOXOXEX,1
OEXOEOXXX,1
EOEXOXXXO,-0.64
EXOOXXOEX,-1
EEXXXOOOX,0.657712
EXEOEXXEO,0.478418
EXEOOXOXX,-1
EEOOXXEXE,0.673208
OEOXEXXOX,-0.784
EEOXXXEOE,1
OEEEOEXXX,1
EOEOXOXXX,1
EXOOXXXEO,0.413016
EXOOXEXXO,1
OEEEEXXXO,-0.96
EOXEXOOXX,0.195976
OOEXXEOXX,-1
OOEXOXEXX,-0.352
EOEOEXXXE,0.614991
EEOEXXOXE,0.61332
EOXEOOXXX,1
EOOXXXEOX,1
EXOEXXOOX,0.8
OEXXOEOXX,0.337623
EXEOEEXOX,0.49409
EXOOXEXOX,0.457264
OXXOXOEEX,-0.64
OEEXXXOXO,1
EXOXEEEOX,0.478514
EOXOOEXXX,1
EOEOXXXXO,0.412353
EEOEOEXXX,1
EXXEXOOXO,1
OOEXXOXXE,-0.352
OOEOXXEXX,-1
EEXOOXXOX,1
EEOXOOXXX,1
OOXEEXXXO,-0.64
EXXXEOOOX,0.537564
EOOXXXOXE,1
EEXOXOXOX,1
EOXEXOXOX,1
OEEOXXXXO,0.8
EOEEXXOXE,0.3871
OXOXXXOXO,1
EEXXXOOXO,0.548101
EXEOXXOOX,-1
EOOOXXXXE,-0.6112
EXOOEXOXX,-1
EXEXXOXOO,-0.64
EXEXXOOXO,1
EOXXOOXXE,0.8
EOEXOOXXX,1
EOOXXOXXE,-1
EOOXEOXXX,1
OOEXEXXXO,-1
EOOOXEXXX,1
OOEXEXXOX,-1
OOEEEEXXX,1
EXOOEXXOX,0.0794097
EOXOXEOXX,-1
EOOXXOEXX,-1
OEOEXXOXX,-1
EOOXXXXEO,1
EOOEXXOXX,-0.352
EXOEXXOXO,1
OXEOXXEXO,1
OEXOXOXXE,1
EXOOOXXEX,0.263159
OXEOEXXXO,-1
EOEXOXEXE,-0.308449
EEOOXXOXX,-0.64
OXOEXXEXO,1
OOEEXXOXX,-1
OOXEXEXXO,1
EOOEOXXXX,1
OEEOEXXXE,0.199763
EOOOXXEXX,-0.1216
EEOXXXXOO,1
EXXOEXOOX,1
OOEXOXXEX,-1
EEOXXXOXO,1
OOEXXXOXE,1
OOEXEOXXX,1
EOXXXEXOO,1
EOEOXXXOX,0.8
OEOXEOXXX,1
OEXEOXOXX,1
OOXXXXXOO,1
EOOXXXEXO,1
XXXOXOOOX,1
EOOXEXXXO,0.210176
EXOOXXEXO,1
EOEXOXOXX,-1
XXXXOOXOO,1
